지역,공동주택명,주소,행정동,세대수,층수,동수,준공연도,관리실번호,위도(lat),경도(lon),정제된주소
천안시,목천연합초원아파트,천안시 동남구 목천안터2길 9(목천읍),,200.0,6.0,4.0,1994-06-01,041-557-3311,36.7753428735731,127.211127744608,천안시 동남구 목천안터2길 9
천안시,보라아파트,천안시 동남구 서리1길 19-9(목천읍),목천읍,110.0,15.0,1.0,1994-06-15,041-557-8453,36.7828762373679,127.234026081849,천안시 동남구 서리1길 19-9
천안시,목천연합아파트,천안시 동남구 충절로 1095(목천읍),,294.0,6.0,5.0,1995-11-09,041-557-6016,36.7717784183358,127.229429592302,천안시 동남구 충절로 1095
천안시,재동타워,천안시 동남구 서리1길 19-12(목천읍),목천읍,114.0,13.0,1.0,1995-12-14,041-557-3548,36.7835332508058,127.234248998363,천안시 동남구 서리1길 19-12
천안시,천안목천동우1차아파트,천안시 동남구 신계1길 41(목천읍),목천읍,1922.0,15.0,13.0,1997-08-05,041-555-7346~7,36.7734278731802,127.193062950803,천안시 동남구 신계1길 41
천안시,목천부영아파트(1차),천안시 동남구 삼성5길 42(목천읍),,1833.0,10.0,25.0,1999-12-27,041-561-0666,36.7590267773911,127.177249499795,천안시 동남구 삼성5길 42
천안시,목천부영아파트(2차),천안시 동남구 삼성5길 41(목천읍),,847.0,10.0,11.0,1999-12-27,041-561-0701,36.7613183058253,127.178103475136,천안시 동남구 삼성5길 41
천안시,목천프라임아파트,천안시 동남구 충절로 892(목천읍),목천읍,899.0,12.0,8.0,2000-01-18,041-557-7997,36.7733470968792,127.210764838321,천안시 동남구 충절로 892
천안시,목천세광엔리치빌아파트,천안시 동남구 충절로 687(목천읍),,290.0,7.0,7.0,2001-12-18,041-555-1250,36.7702171611399,127.189498967043,천안시 동남구 충절로 687
천안시,신도브래뉴아파트(1차),천안시 동남구 신계5길 47(목천읍),,540.0,12.0,9.0,2004-12-21,041-555-1662,36.7727338061452,127.215985500004,천안시 동남구 신계5길 47
천안시,신도브래뉴아파트(2차),천안시 동남구 목천안터2길 19(목천읍),,957.0,15.0,17.0,2005-06-29,041-566-3737,36.7761160818118,127.211200099714,천안시 동남구 목천안터2길 19
천안시,목천협성엠파이어아파트,천안시 동남구 충절로 874(목천읍),,552.0,12.0,3.0,2013-10-01,041-552-8245,36.7714193936172,127.208330396387,천안시 동남구 충절로 874
천안시,이스트블루,천안시 동남구 충절로 867(목천읍),목천읍,64.0,11.0,1.0,2019-03-12,,36.7724737726221,127.206582617683,천안시 동남구 충절로 867
천안시,목천고운라피네아파트,천안시 동남구 성남로 35(목천읍),,252.0,20.0,4.0,2020-12-28,041-552-5220,36.77014889465,127.207307906989,천안시 동남구 성남로 35
천안시,성황비둘기아파트,천안시 동남구 복자1길 17(성황동),문성동,40.0,5.0,2.0,1988-11-08,041-556-3676,36.8147327800428,127.151802149689,천안시 동남구 복자1길 17
천안시,거송그랑데리움,천안시 동남구 버들로 21(문화동),문성동,296.0,21.0,1.0,2016-03-25,041-552-1331,36.8087741215366,127.150508477532,천안시 동남구 버들로 21
천안시,류진빌,천안시 동남구 문화1길 11(문화동),문성동,77.0,10.0,1.0,2012-12-07,,36.8089699188887,127.150804039935,천안시 동남구 문화1길 11
천안시,힐스테이트천안아파트,천안시 동남구 옛시청길 29(문화동),,451.0,44.0,3.0,2021-03-16,041-523-0451,36.8069022655532,127.15020650491,천안시 동남구 옛시청길 29
천안시,천안필하우스에듀시티1단지,천안시 동남구 성황로 40(문화동),,1532.0,28.0,13.0,2022-04-19,041-622-8574~5,36.8120944375135,127.153473836838,천안시 동남구 성황로 40
천안시,천안필하우스에듀시티2단지,천안시 동남구 성황로 66,,252.0,17.0,3.0,2022-04-19,041-552-6661,36.8121039398173,127.157440893476,천안시 동남구 성황로 66
천안시,신세계아파트,천안시 동남구 병천2로 86(병천면),병천면,130.0,14.0,1.0,1993-05-07,041-564-3281,36.7677205938934,127.305372360348,천안시 동남구 병천2로 86
천안시,아우내아파트,천안시 동남구 아우내장터1길 7(병천면),병천면,72.0,6.0,1.0,1996-04-19,041-552-9738,36.7606637170975,127.295114819519,천안시 동남구 아우내장터1길 7
천안시,병천중앙아파트,천안시 동남구 충절로 1890(병천면),병천면,177.0,14.0,1.0,1996-07-20,041-561-2416,36.764350106639,127.314966215566,천안시 동남구 충절로 1890
천안시,천안병천신한아파트,천안시 동남구 충절로 1638(병천면),,474.0,6.0,6.0,1997-02-25,041-554-0038,36.7639976783073,127.288011387914,천안시 동남구 충절로 1638
천안시,모드니에아파트,천안시 동남구 아우내장터1길 10(병천면),병천면,148.0,13.0,2.0,2005-08-30,041-569-0090,36.7591283157576,127.296271415502,천안시 동남구 아우내장터1길 10
천안시,레이크팰리스아파트,천안시 동남구 충절로 1896(병천면),,346.0,12.0,3.0,2010-05-07,041-523-8847,36.7638626436827,127.31685174026,천안시 동남구 충절로 1896
천안시,부경파크빌아파트(1차),천안시 동남구 5산단로 419(병천면),,282.0,4.0,17.0,2016-04-11,041-553-5225,36.7637769121148,127.264974958738,천안시 동남구 5산단로 419
천안시,부경타운하우스2단지,천안시 동남구 5산단로 420(병천면),병천면,496.0,4.0,13.0,2018-07-25,041-523-3306,36.7625219657391,127.266048501897,천안시 동남구 5산단로 420
천안시,마인하임,천안시 동남구 병천면 충절로 1609(병천면),병천면,83.0,6.0,4.0,2022-11-30,,36.7670806484021,127.284910782343,천안시 동남구 병천면 충절로 1609
천안시,공작아파트,충청남도 천안시 동남구 양지14길 19-5,봉명동,65.0,5.0,2.0,1985-12-18,041-574-8886,36.810292653391,127.138742966611,충청남도 천안시 동남구 양지14길 19-5
천안시,우영아파트,천안시 동남구 우영1길 10(봉명동),봉명동,278.0,5.0,8.0,1988-08-24,041-574-5232,36.805213750612,127.140789087028,천안시 동남구 우영1길 10
천안시,성지아파트,천안시 동남구 봉명1길 60(봉명동),봉명동,105.0,5.0,4.0,1989-10-28,041-573-1448,36.8059046790261,127.134281427905,천안시 동남구 봉명1길 60
천안시,대우목화아파트(5차),천안시 동남구 쌍용대로 150(봉명동),,88.0,5.0,2.0,1990-07-28,041-574-2803,36.8108051863745,127.134444190906,천안시 동남구 쌍용대로 150
천안시,대우목화아파트(6차),천안시 동남구 봉명1길 55(봉명동),,96.0,6.0,2.0,1990-07-28,041-572-2845,36.8056094959242,127.133381966299,천안시 동남구 봉명1길 55
천안시,대우목화아파트(4차),천안시 동남구 봉명1길 18(쌍용동),,248.0,15.0,3.0,1990-12-05,041-574-0454,36.802524417545,127.133411465251,천안시 동남구 봉명1길 18
천안시,근로자복지(대우장미),천안시 동남구 봉명1길 1(쌍용동),봉명동,48.0,6.0,1.0,1991-04-06,,36.8005985624921,127.133410365905,천안시 동남구 봉명1길 1
천안시,봉명선경아파트,천안시 동남구 양지4길 25(봉명동),봉명동,285.0,16.0,4.0,1991-11-30,041-572-9010,36.8092107668726,127.137044569208,천안시 동남구 양지4길 25
천안시,신성2차은하수아파트,천안시 동남구 순천향1길 16(쌍용동),,292.0,18.0,4.0,1995-04-29,041-571-2740,36.8012497706524,127.133030848799,천안시 동남구 순천향1길 16
천안시,임광아파트,천안시 동남구 순천향1길 25(쌍용동),봉명동,108.0,18.0,1.0,1996-05-29,041-572-2281,36.8026720264532,127.132518748389,천안시 동남구 순천향1길 25
천안시,봉명청솔아파트(3차),천안시 동남구 봉서8길 13(봉명동),봉명동,1380.0,15.0,9.0,2001-10-19,041-578-7300,36.811348418518,127.133365809332,천안시 동남구 봉서8길 13
천안시,봉서산아이파크아파트,천안시 동남구 봉명4길 29(봉명동),,665.0,24.0,9.0,2018-10-04,041-579-8831,36.8065883437785,127.137443877493,천안시 동남구 봉명4길 29
천안시,봉명역센트럴시티아파트,천안시 동남구 봉명4길 15,봉명동,816.0,25.0,9.0,2025-01-23,041-578-5601,36.8053705924728,127.136260255089,천안시 동남구 봉명4길 15
천안시,봉명e편한세상아너리움아파트,천안시 동남구 쌍용대로 160(봉명동),,459.0,26.0,8.0,2020-06-02,041-575-9992,36.8124230833361,127.134644711525,천안시 동남구 쌍용대로 160
천안시,북면금오아파트,천안시 동남구 복구정3길 6-5(북면),,238.0,5.0,8.0,1990-10-30,041-555-2534,36.7698353832382,127.249597197813,천안시 동남구 복구정3길 6-5
천안시,북면중앙아파트,천안시 동남구 충절로 1456(북면),,924.0,14.0,5.0,1998-02-28,041-555-2690,36.7702215181643,127.269065164038,천안시 동남구 충절로 1456
천안시,성남태영아파트,천안시 동남구 석곡3길 9-20(성남면),,200.0,12.0,2.0,1993-12-15,041-554-2067,36.7393383319338,127.224009479337,천안시 동남구 석곡3길 9-20
천안시,현대아파트(2차),천안시 동남구 새말4길 12(신방동),신방동,153.0,15.0,1.0,1992-11-02,041-573-5665,36.7947967432678,127.133175095229,천안시 동남구 새말4길 12
천안시,신방현대아파트,천안시 동남구 풍세로 705(신방동),,218.0,10.0,2.0,1993-09-16,041-576-5159,36.7737571502427,127.137930305414,천안시 동남구 풍세로 705
천안시,신동아목련아파트,천안시 동남구 새말4길 5(신방동),신방동,498.0,18.0,4.0,1996-04-19,041-572-3840,36.7936992870927,127.131791372198,천안시 동남구 새말4길 5
천안시,성지새말1단지아파트,천안시 동남구 일봉로 17(신방동),,612.0,24.0,6.0,1997-03-31,041-573-6147,36.7944645446972,127.130536223059,천안시 동남구 일봉로 17
천안시,성지새말2단지아파트,천안시 동남구 일봉로 20(신방동),,840.0,24.0,8.0,1997-03-31,041-573-6297,36.7919010832235,127.131005019428,천안시 동남구 일봉로 20
천안시,두레현대1단지아파트,천안시 동남구 일봉로 34(신방동),,676.0,24.0,7.0,1997-06-07,041-572-1612,36.7918921187346,127.131859870354,천안시 동남구 일봉로 34
천안시,두레현대2단지아파트,천안시 동남구 서부대로 252(신방동),,740.0,22.0,6.0,1997-06-14,041-575-2721,36.7915156728683,127.130352628969,천안시 동남구 서부대로 252
천안시,신방삼일원앙아파트,천안시 동남구 신촌로 5(신방동),,401.0,15.0,2.0,1997-08-30,041-574-7029,36.7896826529797,127.11987664852,천안시 동남구 신촌로 5
천안시,향촌현대아파트,천안시 동남구 서부대로 226-11(신방동),신방동,998.0,20.0,8.0,1998-06-20,041-571-6988,36.7885463947633,127.13012263218,천안시 동남구 서부대로 226-11
천안시,한라동백아파트(2차),천안시 동남구 서부대로 226-12(신방동),,1139.0,24.0,8.0,1998-09-19, 041-576-9911,36.7874627117889,127.130043272454,천안시 동남구 서부대로 226-12
천안시,초원그린타운,천안시 동남구 신방동 신촌4로 16(신방동),신방동,4168.0,15.0,16.0,1998-12-21,041-574-4811,36.7877722195836,127.126726688818,천안시 동남구 신방동 신촌4로 16
천안시,용곡세광엔리치타워아파트(1차),천안시 동남구 풍세로 801-23(용곡동),,575.0,15.0,11.0,2005-08-22,041-579-7100,36.7800848581284,127.140332212358,천안시 동남구 풍세로 801-23
천안시,대주피오레아파트,천안시 동남구 서부대로 257-8(신방동),,297.0,15.0,4.0,2006-03-29,041-573-9544,36.7917981655237,127.127279850457,천안시 동남구 서부대로 257-8
천안시,용곡2차세광엔리치타워아파트,천안시 동남구 풍세로 769-28(용곡동),,897.0,15.0,15.0,2007-10-16,041-571-6577,36.7797034124992,127.138721867446,천안시 동남구 풍세로 769-28
천안시,신방푸르지오아파트,천안시 동남구 신방동 통정9로 51(신방동),,417.0,15.0,6.0,2009-01-09,041-592-1108,36.7718815539351,127.131169209793,천안시 동남구 신방동 통정9로 51
천안시,신방한라비발디아파트,천안시 동남구 통정9로 75(신방동),,764.0,20.0,13.0,2009-09-22,041-579-3324~5,36.7708312453123,127.132683692902,천안시 동남구 통정9로 75
천안시,신방한성필하우스,천안시 동남구 통정3로 68(신방동),신방동,1049.0,19.0,18.0,2010-06-08,041-572-7747,36.7768561662136,127.133597391259,천안시 동남구 통정3로 68
천안시,보광그랑베르,천안시 동남구 신촌1길 16(신방동),신방동,141.0,11.0,1.0,2012-08-22,041-576-3090,36.7877526964761,127.119469310898,천안시 동남구 신촌1길 16
천안시,하나리움아인스파크,천안시 동남구 통정3로 77(신방동),,305.0,20.0,4.0,2016-04-20,041-579-7730,36.7780195988697,127.131165889248,천안시 동남구 통정3로 77
천안시,천안신방LH1단지,천안시 동남구 통정11로 80(신방동),신방동,450.0,15.0,4.0,2018-10-25,041-592-6677,36.7719099845066,127.13459769229,천안시 동남구 통정11로 80
천안시,삼부르네상스,천안시 동남구 풍세로 687-22,,830.0,25.0,10.0,2023-05-30,041-574-3854,,,천안시 동남구 풍세로 687-22
천안시,라움시티,천안시 동남구 신촌1길 22(신방동),신방동,55.0,9.0,1.0,2023-12-29,,36.7873755687594,127.119480713014,천안시 동남구 신촌1길 22
천안시,동남로얄아파트,천안시 동남구 신원3길 33(신부동),신안동,185.0,5.0,4.0,1985-09-25,041-552-9703,36.8150138439811,127.164011461975,천안시 동남구 신원3길 33
천안시,새한아파트,천안시 동남구 신원2길 88-1(신부동) 402호,신안동,25.0,5.0,1.0,1989-06-14,,36.81954094222,127.160832994989,천안시 동남구 신원2길 88-1 402호
천안시,신부극동아파트,천안시 동남구 신원3길 34(신부동),신안동,104.0,13.0,2.0,1990-07-28,041-568-3722,36.8146722767959,127.164762296643,천안시 동남구 신원3길 34
천안시,동아태조아파트,천안시 동남구 터미널9길 13(신부동),신안동,800.0,15.0,9.0,1995-10-30,041-554-4882,36.8241932478672,127.155294864317,천안시 동남구 터미널9길 13
천안시,대림한내아파트,천안시 동남구 터미널9길 31(신부동),신안동,556.0,15.0,7.0,1995-10-30,041-552-5576,36.8241650303101,127.156541664507,천안시 동남구 터미널9길 31
천안시,대림한들아파트,천안시 동남구 터미널9길 59(신부동),신안동,599.0,15.0,8.0,1995-10-30,041-553-5181,36.8240777079277,127.158179638116,천안시 동남구 터미널9길 59
천안시,대림한숲아파트,천안시 동남구 터미널6길 12(신부동),신안동,451.0,15.0,5.0,1995-10-30,041-553-1692,36.8220922633172,127.160890564938,천안시 동남구 터미널6길 12
천안시,신부우방아파트,천안시 동남구 중앙로 265-36(신부동),,436.0,19.0,7.0,1995-11-24,041-553-6327,36.8231144642779,127.150369100313,천안시 동남구 중앙로 265-36
천안시,안서동보아파트,천안시 동남구 각원사길 59-5(안서동),,615.0,10.0,2.0,1996-05-01,041-562-6700,36.8311878451726,127.177796963363,천안시 동남구 각원사길 59-5
천안시,한화아파트(한화포레나),천안시 동남구 신부15길 7(신부동),신안동,195.0,8.0,1.0,1997-05-31,041-561-5589,36.8202677240425,127.161934034629,천안시 동남구 신부15길 7
천안시,신부경남아너스빌,천안시 동남구 충절로 42(신부동),,619.0,18.0,4.0,2000-03-31,041-555-3880,36.8157062442316,127.158031059585,천안시 동남구 충절로 42
천안시,부경파크빌아파트(2차),천안시 동남구 성불사길 36(안서동),,487.0,15.0,9.0,2004-07-03,041-556-0284,36.828664421243,127.188707027688,천안시 동남구 성불사길 36
천안시,고운여의주아파트,천안시 동남구 안서1길 5-16(안서동),신안동,297.0,15.0,3.0,2004-12-23,041-522-5550,36.8296964953731,127.177808869397,천안시 동남구 안서1길 5-16
천안시,안서e편한세상(1차),천안시 동남구 성불사길 41(안서동),,492.0,15.0,9.0,2005-08-16,041-561-8050,36.8301878802711,127.190260382378,천안시 동남구 성불사길 41
천안시,안서e편한세상(2차),천안시 동남구 성불사길 17(안서동),,76.0,15.0,1.0,2005-09-09,041-564-8060,36.8300782676094,127.186416013138,천안시 동남구 성불사길 17
천안시,청광플러스원아파트,천안시 동남구 중앙로 265-31(신부동),신안동,230.0,15.0,2.0,2006-07-10,041-622-3886,36.8223794627485,127.149843555009,천안시 동남구 중앙로 265-31
천안시,신부우방유쉘1단지,천안시 동남구 중앙로 255-21(신부동),,138.0,15.0,3.0,2007-09-28,041-523-1821,36.8204548732758,127.149987750799,천안시 동남구 중앙로 255-21
천안시,신부우방유쉘2단지,천안시 동남구 중앙로 255-11(신부동),,56.0,15.0,1.0,2007-09-28,041-523-1821,36.8208123508235,127.151474546881,천안시 동남구 중앙로 255-11
천안시,신부우방유쉘3단지,천안시 동남구 중앙로 255-12(신부동),,78.0,14.0,1.0,2007-09-28,041-523-1821,36.8213041605764,127.151698673306,천안시 동남구 중앙로 255-12
천안시,신부휴먼시아아파트,천안시 동남구 천안천8길 45(신부동),,497.0,23.0,6.0,2009-09-15,041-562-4900,36.8219255758871,127.155664530289,천안시 동남구 천안천8길 45
천안시,메가시티1,천안시 동남구 문암2길 14-6(안서동),신안동,199.0,10.0,1.0,2014-01-22,041-564-7604,36.8381151132569,127.177607167224,천안시 동남구 문암2길 14-6
천안시,천안스카이타워,천안시 동남구 먹거리11길 5(신부동),,299.0,21.0,1.0,2014-03-24,041-555-1711,36.8181664995661,127.152894633733,천안시 동남구 먹거리11길 5
천안시,힐스테이트천안신부아파트,천안시 동남구 북일로 70(신부동),,984.0,25.0,12.0,2017-08-29,041-555-7797,36.8270312592615,127.155867333169,천안시 동남구 북일로 70
천안시,신부디이스트아파트,천안시 동남구 신부8길 21(신부동),,2144.0,32.0,20.0,2018-05-30,041-622-6470~1,36.8170432327325,127.161310147332,천안시 동남구 신부8길 21
천안시,안서코아루아파트,천안시 동남구 각원사길 114-7(안서동),,276.0,18.0,4.0,2018-10-22,041-622-6967,36.8296692388882,127.184752201945,천안시 동남구 각원사길 114-7
천안시,리빙골드레지던스,천안시 동남구 문암4길 14(안서동),신안동,299.0,11.0,1.0,2016-07-05,041-568-1370,36.8415989076114,127.178909113898,천안시 동남구 문암4길 14
천안시,전원연립주택(백석대학교 기숙사)믿음동,천안시 동남구 문암3길 12(안서동),,112.0,4.0,1.0,2001-09-28,041-550-0635,36.8381532101257,127.178702881914,천안시 동남구 문암3길 12
천안시,포레나 천안 신부,천안시 동남구 천안대로 888(신부동),,602.0,22.0,6.0,2023-12-26,041-522-7011,36.8260357870541,127.15684071996,천안시 동남구 천안대로 888
천안시,천광빌라,천안시 동남구 신부1길4,신안동,30.0,4.0,2.0,1985-11-18,,36.8140082922882,127.159173060414,천안시 동남구 신부1길4
천안시,안서금호어울림아파트,천안시 동남구 문암1길 68(안서동),,498.0,23.0,5.0,2009-08-12,041-565-9002,36.8405123616813,127.176735666574,천안시 동남구 문암1길 68
천안시,우성아파트,천안시 동남구 원성2길 8(원성동),원성1동,25.0,5.0,1.0,1988-11-08,,36.8079954318882,127.160664281915,천안시 동남구 원성2길 8
천안시,경성그린아파트,천안시 동남구 원성8길 15(원성동),원성1동,40.0,5.0,1.0,1988-12-08,,36.8112058503419,127.163745469737,천안시 동남구 원성8길 15
천안시,한신아파트,천안시 동남구 원성2길 12(원성동),원성1동,30.0,5.0,1.0,1990-01-13,041-552-7862,36.8082084338449,127.160746197375,천안시 동남구 원성2길 12
천안시,초원라이프아파트,천안시 동남구 원성5길 17(원성동),원성1동,83.0,15.0,1.0,1994-05-25,041-553-2327,36.8080072913082,127.162150941916,천안시 동남구 원성5길 17
천안시,학산파크뷰(유량동테라스하우스),천안시 동남구 태조산길 133(유량동),,72.0,5.0,4.0,2019-05-28,041-564-9670,36.8158132982519,127.177208308977,천안시 동남구 태조산길 133
천안시,대진연립,천안시 동남구 원성천2길 38(원성동),원성2동,26.0,2.0,3.0,1979-01-12,,36.8027537418875,127.1554565146,천안시 동남구 원성천2길 38
천안시,원성비둘기아파트,천안시 동남구 원거리7길 30(원성동),원성2동,50.0,5.0,2.0,1986-09-16,041-556-9908,36.7990835026639,127.157110918863,천안시 동남구 원거리7길 30
천안시,평화아파트,천안시 동남구 원거리7길 14(원성동),원성2동,39.0,5.0,1.0,1989-10-07,041-552-6991,36.7990819227398,127.155225888956,천안시 동남구 원거리7길 14
천안시,우성VIP,천안시 동남구 충무로 455-3(원성동),원성2동,40.0,10.0,1.0,1989-12-13,,36.7987837997008,127.15545980829,천안시 동남구 충무로 455-3
천안시,원성극동아파트,천안시 동남구 충절로 190(원성동),,341.0,20.0,2.0,1995-10-30,041-551-8882,36.8022114298185,127.158681037281,천안시 동남구 충절로 190
천안시,메가시티2,천안시 동남구 고재1길 6(원성동),원성2동,120.0,11.0,1.0,2016-04-20,041-622-8502,36.7989658524461,127.160125282357,천안시 동남구 고재1길 6
천안시,e편한세상천안역,천안시 동남구 원성천1길 99,원성동,1579.0,35.0,15.0,2023-04-26,041-566-5421,36.8048776781632,127.15599409662,천안시 동남구 원성천1길 99
천안시,우정인재개발원 직원아파트(기숙사),천안시 동남구 양지말1길 11-14,,90.0,5.0,4.0,1999-05-03,,36.8139652331737,127.18856256767,천안시 동남구 양지말1길 11-14
천안시,공무원연립주택,천안시 동남구 다가말2길 33(다가동),일봉동,42.0,3.0,2.0,1983-12-26,,36.7981863356917,127.135517751188,천안시 동남구 다가말2길 33
천안시,국민아파트,천안시 동남구 천안천공원2길 6(다가동),일봉동,60.0,5.0,2.0,1985-12-28,041-552-3733,36.7968027676597,127.148715602373,천안시 동남구 천안천공원2길 6
천안시,삼오아파트,천안시 동남구 천안천공원5길 51(다가동),일봉동,40.0,5.0,1.0,1986-06-12,,36.7959126662136,127.148413038292,천안시 동남구 천안천공원5길 51
천안시,신성1차아파트,천안시 동남구 다가말2길 34-5(다가동),일봉동,364.0,14.0,4.0,1990-12-20,041-574-4423,36.7977744431507,127.136065055715,천안시 동남구 다가말2길 34-5
천안시,활림3차크로바아파트,천안시 동남구 다가12길 6(다가동),일봉동,163.0,14.0,1.0,1995-12-20,041-572-5136,36.8004248025167,127.140399902606,천안시 동남구 다가12길 6
천안시,다가한성아파트,천안시 동남구 차돌로 128(다가동),,99.0,10.0,1.0,2000-07-31,,36.803089760264,127.144455046784,천안시 동남구 차돌로 128
천안시,아트빌아파트,천안시 동남구 풍세로 965(다가동),일봉동,239.0,15.0,1.0,2004-01-14,041-568-4636,36.7942794794926,127.150714288068,천안시 동남구 풍세로 965
천안시,용곡동일하이빌아파트1단지,천안시 동남구 일봉로 71(용곡동),,826.0,15.0,11.0,2005-12-09,041-578-7355,36.7924630184567,127.13606104017,천안시 동남구 일봉로 71
천안시,용곡동일하이빌아파트2단지,천안시 동남구 일봉로 72(용곡동),,120.0,15.0,4.0,2005-12-09,041-578-7355,36.7919372671392,127.135703262447,천안시 동남구 일봉로 72
천안시,다가한화꿈에그린아파트,천안시 동남구 다가말2길 54(다가동),,245.0,15.0,5.0,2006-02-28,041-575-2022,36.7978458774078,127.137885526764,천안시 동남구 다가말2길 54
천안시,웰스빌아파트,천안시 동남구 천안천공원2길 28(다가동),일봉동,221.0,15.0,2.0,2006-07-31,041-522-0742,36.7949712721754,127.14913480619,천안시 동남구 천안천공원2길 28
천안시,용곡마을현대아이파크,천안시 동남구 용곡4길 20(용곡동),,403.0,15.0,7.0,2006-09-29,041-575-2229,36.7943577640406,127.145005478884,천안시 동남구 용곡4길 20
천안시,다가서해그랑블아파트,천안시 동남구 천안천공원3길 5-31(다가동),,286.0,15.0,4.0,2008-07-31,041-592-2887,36.8031657386708,127.145330575119,천안시 동남구 천안천공원3길 5-31
천안시,용곡더쉴아파트,천안시 동남구 새말1길 47(용곡동),일봉동,230.0,14.0,3.0,2009-06-24,041-576-8811,36.7889893434985,127.13187618291,천안시 동남구 새말1길 47
천안시,용곡우림필유아파트,천안시 동남구 용곡5길 37-6(용곡동),,499.0,18.0,8.0,2009-10-07,041-578-4560,36.7938136074351,127.139713898968,천안시 동남구 용곡5길 37-6
천안시,용곡한라비발디아파트,천안시 동남구 용곡2길 43-11(용곡동),,1163.0,25.0,20.0,2010-06-24,041-592-8497,36.7874161905832,127.135553230895,천안시 동남구 용곡2길 43-11
천안시,용곡삼성쉐르빌아파트,천안시 동남구 일봉로 110(용곡동),,295.0,18.0,4.0,2010-08-12,041-572-2338,36.7879326689718,127.13669072923,천안시 동남구 일봉로 110
천안시,용곡동일하이빌하이씨티3단지,천안시 동남구 일봉로 88(용곡동),일봉동,213.0,19.0,4.0,2015-08-26,041-576-0973,36.7898920046223,127.136495455708,천안시 동남구 일봉로 88
천안시,용곡동일하이빌하이시티4단지,천안시 동남구 용곡5길 34(용곡동),일봉동,379.0,20.0,6.0,2015-08-26,041-576-0974,36.7892155085034,127.138547991745,천안시 동남구 용곡5길 34
천안시,일봉산해피트리아파트,천안시 동남구 다가말2길 70(다가동),일봉동,546.0,20.0,6.0,2017-12-29,041-579-3800,36.7974843361653,127.139213434999,천안시 동남구 다가말2길 70
천안시,천안극동스타클래스더퍼스트,천안시 동남구 풍세로 933,일봉동,1225.0,29.0,10.0,2024-09-27,041-622-9953,36.7911603654387,127.148349980604,천안시 동남구 풍세로 933
천안시,금성아파트,천안시 동남구 천안천공원5길 14(영성동),중앙동,168.0,8.0,1.0,1991-08-03,041-553-5937,36.7973163709116,127.151807103298,천안시 동남구 천안천공원5길 14
천안시,영성펜타폴리스25아파트,천안시 동남구 대흥로 90(영성동),,170.0,20.0,1.0,2017-11-24,041-622-6253,36.7994162440835,127.152291498219,천안시 동남구 대흥로 90
천안시,퍼스티안(1차),천안시 동남구 대흥로 140(사직동),,28.0,10.0,1.0,2019-07-09,,36.8012760007856,127.147830061703,천안시 동남구 대흥로 140
천안시,현송타운,천안시 동남구 영성동2길 16(영성동),중앙동,16.0,7.0,1.0,2019-03-04,,36.8041095551446,127.151969548142,천안시 동남구 영성동2길 16
천안시,광하빌라,천안시 동남구 사직2길 3(사직동),중앙동,42.0,3.0,4.0,1985-10-28,,36.7991852586194,127.147670741264,천안시 동남구 사직2길 3
천안시,그랑채,천안시 동남구 중앙로 45(영성동),중앙동,55.0,14.0,1.0,2019-11-22,,36.8024581472989,127.152556929604,천안시 동남구 중앙로 45
천안시,형우이즈뷰아파트,천안시 동남구 미나릿길 39-1(영성동),,18.0,8.0,1.0,2019-08-30,,36.8026899855736,127.151230200219,천안시 동남구 미나릿길 39-1
천안시,구성쌍용아파트,천안시 동남구 충절로 295-14(구성동),,216.0,12.0,2.0,1990-12-28,041-552-2205,36.7939781339719,127.161702888201,천안시 동남구 충절로 295-14
천안시,청수극동아파트(1차),천안시 동남구 청수로 99(청수동),,450.0,15.0,7.0,1991-01-17,041-553-5394,36.792202535384,127.155589137478,천안시 동남구 청수로 99
천안시,청수극동아파트(2차),천안시 동남구 청수로 71-7(청수동),,510.0,15.0,6.0,1992-04-30,041-556-1639,36.7904169713272,127.152674780971,천안시 동남구 청수로 71-7
천안시,청수현대아파트,천안시 동남구 풍세로 1010-31(청수동),,520.0,22.0,5.0,1996-10-12,041-551-4595,36.7977940545113,127.154463600038,천안시 동남구 풍세로 1010-31
천안시,청솔LGSK아파트,천안시 동남구 청수로 98(청수동),,898.0,15.0,16.0,1999-02-26,041-567-2772,36.7919510127243,127.158945352625,천안시 동남구 청수로 98
천안시,구성아이파크아파트,천안시 동남구 청수로 136-8(구성동),,184.0,15.0,1.0,2004-12-21,041-567-9538,36.7931565143005,127.159220328974,천안시 동남구 청수로 136-8
천안시,향목그라비스아파트,천안시 동남구 충절로 303(구성동),,216.0,15.0,3.0,2005-02-07,041-552-0150,36.7929475192877,127.162042785216,천안시 동남구 충절로 303
천안시,신성천안미소지움아파트,천안시 동남구 천안대로 483-8(구성동),청룡동,1029.0,15.0,12.0,2006-05-01,041-569-0064,36.7936484940028,127.164211726479,천안시 동남구 천안대로 483-8
천안시,청당마을신도브래뉴아파트,천안시 동남구 풍세로 770(청당동),,915.0,15.0,9.0,2006-08-31,041-592-7272,36.7775700708085,127.141435498573,천안시 동남구 풍세로 770
천안시,청당벽산블루밍아파트,천안시 동남구 청당2길 118(청당동),,1647.0,15.0,17.0,2007-09-28,041-565-8406~7,36.7797751268092,127.154247862962,천안시 동남구 청당2길 118
천안시,청수경남아너스빌,천안시 동남구 청수로 15(청수동),,230.0,15.0,5.0,2008-10-30,041-621-6335,36.7887845762134,127.149432705634,천안시 동남구 청수로 15
천안시,청수중흥S클래스아파트,천안시 동남구 청수14로 117(청당동),,504.0,20.0,8.0,2009-12-08,041-522-1545,36.7876003767985,127.1593946966,천안시 동남구 청수14로 117
천안시,구성휴먼시아아파트,천안시 동남구 대흥로 35(구성동),,473.0,23.0,7.0,2010-07-23,041-567-0036,36.7965674002313,127.155340145021,천안시 동남구 대흥로 35
천안시,청수버들우미린아파트,천안시 동남구 청수14로 16(청당동),,724.0,25.0,11.0,2010-08-20,041-551-0166,36.7836108027397,127.148735479827,천안시 동남구 청수14로 16
천안시,청수한양수자인아파트,천안시 동남구 청수4로 11(청당동),,1020.0,25.0,15.0,2011-01-29,041-568-7781,36.7831162986193,127.149575961484,천안시 동남구 청수4로 11
천안시,청수2단지주공버들마을아파트,천안시 동남구 청수14로 29(청당동),,736.0,15.0,9.0,2009-11-13,041-621-2544,36.7864279474239,127.14960469219,천안시 동남구 청수14로 29
천안시,에이디빌,천안시 동남구 청당2길 81(청당동),청룡동,86.0,6.0,3.0,2015-03-13,041-567-8877,36.7807682185981,127.152028755019,천안시 동남구 청당2길 81
천안시,청수포레나(청수꿈에그린),천안시 동남구 청수14로 13(청당동),,468.0,26.0,7.0,2015-07-31,041-557-5578,36.7864885988799,127.147361588572,천안시 동남구 청수14로 13
천안시,청당산운마을5단지아파트,천안시 동남구 청수8로 71(청당동),,720.0,15.0,8.0,2009-12-04,041-522-0178,36.78860135808,127.158161356723,천안시 동남구 청수8로 71
천안시,청당한양수자인블루시티아파트,천안시 동남구 청당4로 60(청당동),,999.0,25.0,13.0,2018-03-29,041-553-4222,36.7775236051616,127.151721687682,천안시 동남구 청당4로 60
천안시,행정타운두산위브더파크아파트,천안시 동남구 청당3길 147(청당동),,1105.0,26.0,15.0,2018-05-24,041-566-1971~2,36.7802050706518,127.161164581331,천안시 동남구 청당3길 147
천안시,천안청수사랑으로부영아파트,천안시 동남구 청수8로 72(청당동),,449.0,20.0,7.0,2011-09-21,041-564-0778,36.7893584809869,127.159034444066,천안시 동남구 청수8로 72
천안시,청당코오롱하늘채아파트,천안시 동남구 광풍로 1800(청당동),,1534.0,25.0,19.0,2019-12-30,041-554-1534,36.7790564624431,127.145174144184,천안시 동남구 광풍로 1800
천안시,청당서희스타힐스,천안시 동남구 청당4로 45(청당동),청룡동,741.0,27.0,10.0,2022-12-15,041-566-9947,36.7795197216037,127.149828751838,천안시 동남구 청당4로 45
천안시,청수행정타운금호어울림,천안시 동남구 수도산공원길 1(청수동),청룡동,584.0,25.0,7.0,2023-01-04,041-569-3908,36.7926181435213,127.151529270294,천안시 동남구 수도산공원길 1
천안시,행정타운 센트럴 두산위브,천안시 동남구 청당5로 20,,655.0,26.0,9.0,2023-02-17,041-566-2342,36.779765071885,127.152822357196,천안시 동남구 청당5로 20
천안시,삼룡호반써밋 포레센트,천안시 동남구 충절로 369(삼룡동),,594.0,20.0,8.0,2023-12-27,041-555-5940,36.7873291109051,127.16664975645,천안시 동남구 충절로 369
천안시,진로산업아파트(JS전선기숙사),천안시 동남구 풍서2길 130(풍세면),풍세면,72.0,4.0,3.0,1987-12-21,,36.7252623713435,127.115158005377,천안시 동남구 풍서2길 130
천안시,천안 한양수자인 에코시티,천안시 동남구 풍세산단로 290(풍세면),,3200.0,25.0,30.0,2023-12-15,041-622-3200,36.7236798779189,127.103930311717,천안시 동남구 풍세산단로 290
천안시,백석계룡리슈빌아파트,천안시 서북구 한들3로 107(백석동),,901.0,23.0,14.0,2010-04-28,041-621-7827,36.832663272848,127.123235930678,천안시 서북구 한들3로 107
천안시,백석현대아파트,천안시 서북구 백석로 136(백석동),,976.0,15.0,13.0,1992-12-30,041-552-4475,36.8215954918983,127.125827708537,천안시 서북구 백석로 136
천안시,백석그린빌아파트(2차),천안시 서북구 백석3로 91(백석동),,750.0,15.0,10.0,2004-07-01,041-522-9164,36.8226789379408,127.121365024516,천안시 서북구 백석3로 91
천안시,백석호반리젠시빌2단지,천안시 서북구 백석2길 40(백석동),,399.0,15.0,9.0,2003-12-08,041-522-0026,36.820397525195,127.121173685278,천안시 서북구 백석2길 40
천안시,백석호반리젠시빌1단지,천안시 서북구 백석2길 12(백석동),,534.0,15.0,8.0,2003-12-08,041-522-0026,36.818108342826,127.118404879688,천안시 서북구 백석2길 12
천안시,백석주공그린빌아파트(1차),천안시 서북구 백석3로 69(백석동),,510.0,15.0,7.0,2002-12-03,041-558-4100,36.8226521322801,127.119269889947,천안시 서북구 백석3로 69
천안시,백석벽산블루밍아파트(1차),천안시 서북구 번영로 278-12(백석동),,382.0,15.0,6.0,2006-01-27,041-523-8963,36.8254693653598,127.113838726339,천안시 서북구 번영로 278-12
천안시,백석벽산블루밍아파트(2차),천안시 서북구 번영로 278-11(백석동),,298.0,15.0,4.0,2006-05-23,041-523-8970,36.8257324946945,127.113926882181,천안시 서북구 번영로 278-11
천안시,브라운스톤천안아파트,천안시 서북구 번영로 306-15(백석동),,901.0,15.0,14.0,2006-05-29,041-523-0995,36.8296143442117,127.115178126598,천안시 서북구 번영로 306-15
천안시,천안백석아이파크아파트,천안시 서북구 한들3로 100(백석동),,1040.0,25.0,16.0,2009-04-24,041-555-3774,36.8322935226357,127.124127085363,천안시 서북구 한들3로 100
천안시,백석푸르지오아파트,천안시 서북구 한들2로 88(백석동),,746.0,23.0,9.0,2010-02-25,041-621-7884,36.8292521989463,127.120798231112,천안시 서북구 한들2로 88
천안시,천안백석주공11단지(3차),천안시 서북구 백석3로 70(백석동),백석동,1144.0,15.0,14.0,2002-12-03,041-558-4200,36.8203207856687,127.11971571933,천안시 서북구 백석3로 70
천안시,백석아이파크(2차),천안시 서북구 한들3로 35-23(백석동),,1562.0,29.0,18.0,2014-12-26,041-622-8071,36.8243997794035,127.119233035272,천안시 서북구 한들3로 35-23
천안시,백석펜타폴리스(5차),천안시 서북구 한들1로 9-25(백석동),,92.0,10.0,1.0,2016-01-26,041-562-0500,36.8243179596981,127.113050839691,천안시 서북구 한들1로 9-25
천안시,백석더샵아파트,천안시 서북구 한들3로 70(백석동),백석동,619.0,25.0,7.0,2016-10-28,041-552-7780,36.830166441948,127.125686826641,천안시 서북구 한들3로 70
천안시,백석아이파크아파트(3차),천안시 서북구 한들3로 36-17(백석동),,805.0,27.0,9.0,2017-05-26,041-558-9955,36.8270198751375,127.125248783156,천안시 서북구 한들3로 36-17
천안시,백석마을중흥에스클래스아파트,천안시 서북구 한들1로 152-9(백석동),,236.0,15.0,8.0,2014-04-30,041-557-5335,36.8358981150577,127.120374164794,천안시 서북구 한들1로 152-9
천안시,천안백석LH천년나무1단지,천안시 서북구 한들1로 88(백석동),백석동,562.0,15.0,4.0,2017-12-11,041-563-7111,36.8302762841346,127.118131281599,천안시 서북구 한들1로 88
천안시,천안백석센트레빌 파크디션,천안시 서북구 한들3로 78-68(백석동),,358.0,21.0,4.0,2024-02-07,041-523-6070,36.8336589333564,127.126724766333,천안시 서북구 한들3로 78-68
천안시,한화 포레나 천안노태 2단지,천안시 서북구 한들2로 150(백석동),,777.0,28.0,7.0,2024-12-27,041-555-3050,36.834587898827,127.12258568536,천안시 서북구 한들2로 150
천안시,두정경남아너스빌,천안시 서북구 두정중11길 17(두정동),,458.0,15.0,6.0,2004-06-10,041-556-3307,36.8382445514544,127.138771128959,천안시 서북구 두정중11길 17
천안시,두정e편한세상(1차),천안시 서북구 두정중2길 12(두정동),부성1동,466.0,15.0,9.0,2004-06-25,041-561-8040,36.8341987333584,127.140560924192,천안시 서북구 두정중2길 12
천안시,두정푸르지오아파트(3차),천안시 서북구 성정두정로 142(두정동),,326.0,15.0,4.0,2003-09-09,041-554-9116,36.8382042436596,127.143650540826,천안시 서북구 성정두정로 142
천안시,우남두정마을아파트(1차),천안시 서북구 두정역서5길 11(두정동),,519.0,15.0,4.0,2003-08-21,041-567-8824,36.8378413633013,127.147045137725,천안시 서북구 두정역서5길 11
천안시,우남두정마을아파트(2차),천안시 서북구 두정역서1길 22(두정동),,194.0,15.0,2.0,2003-08-21,041-567-8824,36.837493352043,127.147048395258,천안시 서북구 두정역서1길 22
천안시,한성필하우스아파트(3차),천안시 서북구 봉정로 366(두정동),,832.0,15.0,13.0,2004-10-27,041-568-3224,36.833377281895,127.147044776357,천안시 서북구 봉정로 366
천안시,두정역푸르지오아파트,천안시 서북구 두정역길 48(두정동),,937.0,27.0,12.0,2009-11-26,041-523-2273,36.834501473394,127.150809078538,천안시 서북구 두정역길 48
천안시,이안더센트럴아파트,천안시 서북구 천안대로 999-7(두정동),,935.0,23.0,9.0,2011-01-28,041-561-3316,36.8285857351025,127.151847559878,천안시 서북구 천안대로 999-7
천안시,대우그린아파트(1차),천안시 서북구 봉정로 365(두정동),,1038.0,25.0,10.0,1996-12-26,041-551-2515,36.8353485643651,127.144454587652,천안시 서북구 봉정로 365
천안시,두정주공8단지아파트,천안시 서북구 봉정로 381(두정동),부성1동,947.0,20.0,8.0,1996-11-01,041-563-1366,36.8365000956987,127.14415160288,천안시 서북구 봉정로 381
천안시,두정대우아파트(2차),천안시 서북구 두정중5길 15(두정동),,323.0,15.0,5.0,1998-12-17,041-568-2440,36.834780999508,127.143153129868,천안시 서북구 두정중5길 15
천안시,두정역범양레우스알파,천안시 서북구 두정공단2길 26(두정동),부성1동,804.0,24.0,9.0,2020-08-26,041-522-8871,,,천안시 서북구 두정공단2길 26
천안시,두정역펜타폴리스,천안시 서북구 성정두정로 82(두정동),부성1동,260.0,12.0,1.0,2013-04-29,041-522-2265,36.8327673981446,127.142091380903,천안시 서북구 성정두정로 82
천안시,천안펜타폴리스2차,천안시 서북구 두정로 212(두정동),부성1동,260.0,12.0,1.0,2015-01-29,041-551-8300,36.8333285541934,127.140544198528,천안시 서북구 두정로 212
천안시,하이스타운(1차),천안시 서북구 두정상가8길 30(두정동),부성1동,180.0,12.0,1.0,2013-05-27,041-523-9230,36.8321106392039,127.141286530399,천안시 서북구 두정상가8길 30
천안시,프라지움아파트(1차),천안시 서북구 두정상가1길 27(두정동),,216.0,12.0,1.0,2014-10-10,041-555-8228,36.8328258539591,127.138833532982,천안시 서북구 두정상가1길 27
천안시,프라지움아파트(2차),천안시 서북구 두정로 216(두정동),,240.0,12.0,1.0,2013-12-18,041-555-1661,36.8332533525156,127.141042459368,천안시 서북구 두정로 216
천안시,천안두정역코아루스위트아파트,천안시 서북구 천안대로 969(두정동),,481.0,23.0,6.0,2014-10-10,041-904-6115,36.8279086004928,127.15159827295,천안시 서북구 천안대로 969
천안시,더리치빌(2차),천안시 서북구 두정상가3길 20(두정동),부성1동,200.0,10.0,1.0,2013-11-07,041-558-0912,36.8317452641605,127.14088667678,천안시 서북구 두정상가3길 20
천안시,FM22,천안시 서북구 두정상가2길 10(두정동),부성1동,199.0,10.0,1.0,2015-01-23,041-557-1664,36.8310104096746,127.139972410206,천안시 서북구 두정상가2길 10
천안시,두정대림아크로텔,천안시 서북구 성정두정로 70(두정동),,297.0,12.0,1.0,2015-07-31,041-553-7231,36.8319257726022,127.142159661711,천안시 서북구 성정두정로 70
천안시,두정e편한세상아파트(3차),천안시 서북구 북일로 21(두정동),,992.0,27.0,11.0,2017-02-28,041-523-4426,36.8321918384635,127.153770119687,천안시 서북구 북일로 21
천안시,두정e편한세상(4차),천안시 서북구 두정공원2길 50(두정동),,456.0,23.0,6.0,2018-10-18,041-553-2990,36.8369795190442,127.156044016586,천안시 서북구 두정공원2길 50
천안시,프라지움아파트(9차),천안시 서북구 오성로 115(두정동),,299.0,12.0,1.0,2017-05-12,041-902-2400,36.8305950864669,127.140204253885,천안시 서북구 오성로 115
천안시,리찌하우스,천안시 서북구 두정상가8길 19(두정동),부성1동,65.0,9.0,1.0,2013-08-14,,36.8326316419143,127.14008275518,천안시 서북구 두정상가8길 19
천안시,FM20,천안시 서북구 두정상가8길 11(두정동),부성1동,135.0,10.0,1.0,2013-09-09,041-558-1319,36.8326834315997,127.139259366112,천안시 서북구 두정상가8길 11
천안시,벨라지오,천안시 서북구 두정상가1길 3(두정동),부성1동,110.0,12.0,1.0,2014-02-13,041-556-3110,36.8305088566751,127.138584863961,천안시 서북구 두정상가1길 3
천안시,석성빌,천안시 서북구 두정상가5길 14(두정동),부성1동,83.0,6.0,1.0,2013-04-04,,36.8312447070153,127.143666336769,천안시 서북구 두정상가5길 14
천안시,두정역효성해링턴플레이스아파트,천안시 서북구 봉정로 324(두정동),부성1동,2586.0,33.0,16.0,2020-04-29,041-561-2586~7,36.8312630101477,127.148426142786,천안시 서북구 봉정로 324
천안시,두정한화포레나,천안시 서북구 천안대로 980-17(두정동),,1067.0,29.0,13.0,2022-03-30,"041-552-9300,9330",36.8313732639261,127.152658154191,천안시 서북구 천안대로 980-17
천안시,힐스테이트 두정역,천안시 서북구 천안대로 980-12(두정동) ,부성1동,997.0,29.0,11.0,2025-02-28,041-622-4561,36.8290130079559,127.152857364185,천안시 서북구 천안대로 980-12
천안시,천안두정 LH2단지,천안시 서북구 봉정로 339,,288.0,15.0,2.0,2022-07-21,041-902-2012,36.8324355465212,127.144906923526,천안시 서북구 봉정로 339
천안시,천안부성지구 한라비발디,천안시 서북구 부성18로 29,,654.0,25.0,10.0,2024-12-19,041-569-7955,36.8462409348224,127.149496789216,천안시 서북구 부성18로 29
천안시,천안부성LH행복주택1단지,천안시 서북구 부성18로 71,,730.0,20.0,4.0,2022-12-22,041-557-3388,36.8468583264745,127.153142908436,천안시 서북구 부성18로 71
천안시,신당코아루아파트,천안시 서북구 신당새터2길 55(신당동),부성1동,146.0,8.0,4.0,2005-12-15,041-551-4433,36.8529083611683,127.159096696065,천안시 서북구 신당새터2길 55
천안시,조승아파트,천안시 서북구 신당새터2길 29-12(신당동),부성1동,164.0,15.0,3.0,1994-03-03,041-567-9874,36.8529021921594,127.157843528832,천안시 서북구 신당새터2길 29-12
천안시,부성e편한세상,천안시 서북구 천안대로 1287-1(신당동),,609.0,12.0,10.0,2018-02-19,041-566-5639,36.8559135145158,127.151106350082,천안시 서북구 천안대로 1287-1
천안시,SC그린아파트,천안시 서북구 천일고2길 113-16,부성1동,115.0,10.0,2.0,2023-04-20,,36.8630723425305,127.155288610294,천안시 서북구 천일고2길 113-16
천안시,한성필하우스아파트(1차),천안시 서북구 부성6길 11(두정동),,600.0,15.0,6.0,2002-08-26,041-554-1133,36.8363564590778,127.133902699879,천안시 서북구 부성6길 11
천안시,계룡리슈빌아파트,천안시 서북구 부성8길 29(두정동),부성2동,386.0,15.0,4.0,2004-03-18,041-557-1472,36.8380859930761,127.136482280727,천안시 서북구 부성8길 29
천안시,한성필하우스아파트(2차),천안시 서북구 두정고8길 24(두정동),,99.0,15.0,1.0,2004-06-19,041-552-5765,36.8376581072643,127.133502168991,천안시 서북구 두정고8길 24
천안시,대주파크빌(1단지),천안시 서북구 두정고7길 9(두정동),부성2동,140.0,15.0,1.0,2005-10-28,041-568-0544,36.8365548866917,127.130001895614,천안시 서북구 두정고7길 9
천안시,대주파크빌(2단지),천안시 서북구 두정고7길 10(두정동),부성2동,49.0,13.0,1.0,2005-11-02,041-568-0544,36.8365095339239,127.130355846998,천안시 서북구 두정고7길 10
천안시,두정우성아파트,천안시 서북구 두정고7길 36(두정동),,736.0,16.0,8.0,1996-09-18,041-553-3983,36.8365877416436,127.132482953303,천안시 서북구 두정고7길 36
천안시,두정푸르지오아파트(5차),천안시 서북구 두정고1길 9(두정동),,392.0,15.0,6.0,2004-04-17,041-555-8405,36.8345178729304,127.12806625374,천안시 서북구 두정고1길 9
천안시,두정극동늘푸른아파트,천안시 서북구 늘푸른6길 42(두정동),,1452.0,22.0,13.0,1996-12-27,041-554-9261,36.8284719354431,127.132307096209,천안시 서북구 늘푸른6길 42
천안시,세광엔리치빌(2차),천안시 서북구 늘푸른1길 45(두정동),,360.0,15.0,5.0,2003-09-09,041-553-3844,36.8300738394581,127.128856519807,천안시 서북구 늘푸른1길 45
천안시,세광엔리치빌(3차),천안시 서북구 늘푸른1길 29(두정동),,476.0,14.0,6.0,2003-09-18,041-553-3844,36.8284481627766,127.129260804758,천안시 서북구 늘푸른1길 29
천안시,부경파크빌아파트,천안시 서북구 늘푸른1길 19(두정동),,475.0,15.0,2.0,2003-05-02,041-621-2373,36.8268360776611,127.129180638077,천안시 서북구 늘푸른1길 19
천안시,두정서해그랑블아파트,천안시 서북구 늘푸른1길 32(두정동),,320.0,15.0,4.0,2004-04-17,041-522-9285,36.8286002659005,127.130172942337,천안시 서북구 늘푸른1길 32
천안시,두정푸르지오아파트(4차),천안시 서북구 늘푸른1길 50(두정동),,384.0,15.0,6.0,2003-11-28,041-562-4447,36.8296677690422,127.129879155815,천안시 서북구 늘푸른1길 50
천안시,천안두정LH1단지,천안시 서북구 오성1길 12-10(두정동),부성2동,40.0,5.0,1.0,2019-09-19,,36.8312798814248,127.129022989555,천안시 서북구 오성1길 12-10
천안시,두정e편한세상아파트(2차),천안시 서북구 노태산로 145(두정동),,848.0,23.0,11.0,2013-06-03,041-522-6291,36.8373906851419,127.13039310427,천안시 서북구 노태산로 145
천안시,천안레이크타운푸르지오아파트(1차),천안시 서북구 성성6로 111(성성동),부성2동,995.0,39.0,8.0,2017-07-21,041-568-3457~8,36.8425192661318,127.132245973401,천안시 서북구 성성6로 111
천안시,천안레이크타운푸르지오아파트(2차),천안시 서북구 성성9로 14(성성동),부성2동,1730.0,39.0,13.0,2018-01-25,041-622-9296~7,36.8412081869034,127.132057161454,천안시 서북구 성성9로 14
천안시,천안시티자이아파트,천안시 서북구 성성6로 21(성성동),,1646.0,39.0,13.0,2018-09-19,041-569-8052~3,36.8415005347737,127.121023891904,천안시 서북구 성성6로 21
천안시,천안성성레이크타운3차푸르지오,천안시 서북구 성성6로 68(성성동),,1067.0,37.0,8.0,2020-05-27,041-563-1236,36.8411749200714,127.126350716388,천안시 서북구 성성6로 68
천안시,천안푸르지오 레이크사이드(4차),천안시 서북구 성성7로 36,,1023.0,38.0,9.0,2023-05-25,041-553-9100,36.843430339855,127.126395797528,천안시 서북구 성성7로 36
천안시,천안성성비스타동원,천안시 서북구 성성6로 129,부성2동,1195.0,39.0,10.0,2024-07-24,041-622-7930,36.8432957676503,127.134478400503,천안시 서북구 성성6로 129
천안시,한화 포레나 천안노태 1단지,천안시 서북구 한들2로 170,,831.0,28.0,8.0,2024-12-27,041-565-3357,36.8380086630296,127.123992486446,천안시 서북구 한들2로 170
천안시,차암동한화꿈에그린스마일시티,천안시 서북구 스마일시티1로 1(차암동),,1052.0,24.0,12.0,2014-10-29,041-558-9633,36.8410456115082,127.099718230176,천안시 서북구 스마일시티1로 1
천안시,e편한세상스마일시티아파트(1차),천안시 서북구 스마일시티1로 55(차암동),,1024.0,26.0,12.0,2015-03-13,041-558-6344~5,36.8430981748807,127.102654379565,천안시 서북구 스마일시티1로 55
천안시,효성해링턴플레이스스마일시티아파트,천안시 서북구 스마일시티2로 1(차암동),,1318.0,26.0,15.0,2016-01-15,041-564-5246,36.8445897575772,127.107167288626,천안시 서북구 스마일시티2로 1
천안시,e편한세상스마일시티(2차),천안시 서북구 스마일시티2로 2(차암동),부성2동,1269.0,26.0,15.0,2016-08-16,041-552-3237~8,36.8465995825472,127.108360807121,천안시 서북구 스마일시티2로 2
천안시,부성역 우남퍼스트빌,천안시 서북구 부성26로 67,,316.0,20.0,6.0,2024-01-31,041-566-5205,36.8458838878521,127.152147816542,천안시 서북구 부성26로 67
천안시,불당한성필하우스,천안시 서북구 불당11로 68(불당동),,594.0,15.0,6.0,2004-06-25,041-554-9411,36.8021490576558,127.114054307818,천안시 서북구 불당11로 68
천안시,불당한화꿈에그린아파트,천안시 서북구 광장로 260(불당동),불당1동,297.0,18.0,6.0,2009-09-30,041-522-5342,36.8011380404704,127.112698864767,천안시 서북구 광장로 260
천안시,불당마을동일하이빌아파트,천안시 서북구 시청로 73(불당동),,1203.0,18.0,21.0,2004-08-03,041-561-6007~8,36.8086340302573,127.113075292474,천안시 서북구 시청로 73
천안시,불당아이파크아파트,천안시 서북구 불당17길 14(불당동),,1046.0,15.0,15.0,2004-07-29,041-568-4523,36.8091043219242,127.11029060282,천안시 서북구 불당17길 14
천안시,불당호반리젠빌스위트,천안시 서북구 봉서산로 85(불당동),,476.0,15.0,10.0,2004-10-22,041-553-9920,36.8057371334631,127.117723328971,천안시 서북구 봉서산로 85
천안시,불당마을대원칸타빌아파트,천안시 서북구 불당11로 82(불당동),,1011.0,15.0,14.0,2004-09-24,041-553-9670,36.8041428419717,127.116211467393,천안시 서북구 불당11로 82
천안시,불당대동다숲아파트,천안시 서북구 시청로 39(불당동),,791.0,18.0,13.0,2004-10-30,041-556-0028,36.8063869921013,127.111385466306,천안시 서북구 시청로 39
천안시,펜타포트1블럭,천안시 서북구 공원로 195(불당동),,479.0,46.0,2.0,2011-12-23,041-549-8858,36.7998075136548,127.100682845536,천안시 서북구 공원로 195
천안시,펜타포트3블럭,천안시 서북구 공원로 196(불당동),,314.0,66.0,1.0,2011-12-23,041-546-8868,36.7984279064312,127.101429867826,천안시 서북구 공원로 196
천안시,불당우방아이유쉘트윈팰리스아파트,천안시 서북구 불당4로 106(불당동),,160.0,17.0,1.0,2014-09-25,041-622-7588,36.8113824009788,127.112332733589,천안시 서북구 불당4로 106
천안시,메가트로피,천안시 서북구 검은들3길 3(불당동),불당1동,180.0,14.0,1.0,2014-02-28,041-552-0727,36.8105425591298,127.11109282648,천안시 서북구 검은들3길 3
천안시,불당풍림아이원아파트,천안시 서북구 불당14로 11(불당동),불당1동,240.0,6.0,3.0,2016-08-10,041-522-5547,36.8011908298296,127.108845751615,천안시 서북구 불당14로 11
천안시,불당오딧세이,천안시 서북구 불당4로 111(불당동),불당1동,182.0,15.0,1.0,2019-10-17,041-622-7935,36.8117042071076,127.11144998783,천안시 서북구 불당4로 111
천안시,호반베르디움센트로포레,천안시 서북구 불당23로 10(불당동),불당2동,705.0,29.0,9.0,2017-02-01,041-554-6015,36.8177070560218,127.101258156058,천안시 서북구 불당23로 10
천안시,불당이안아파트,천안시 서북구 불당23로 13(불당동),불당2동,800.0,29.0,8.0,2015-12-02,041-555-1320,36.8209843432287,127.102157004348,천안시 서북구 불당23로 13
천안시,불당지웰푸르지오,천안시 서북구 불당24로 38(불당동),,682.0,28.0,7.0,2016-04-01,041-555-8370,36.822060249026,127.105379283772,천안시 서북구 불당24로 38
천안시,불당지웰더샵아파트,천안시 서북구 불당26로 77(불당동),,685.0,29.0,6.0,2016-08-25,041-567-8260,36.8160608210984,127.104893730194,천안시 서북구 불당26로 77
천안시,불당호반베르디움더퍼스트아파트,천안시 서북구 불당19로 200(불당동),,1096.0,20.0,17.0,2016-10-12,041-567-5680,36.8080642339437,127.102565791713,천안시 서북구 불당19로 200
천안시,불당리더힐스아파트,천안시 서북구 불당24로 10(불당동),,744.0,27.0,8.0,2016-11-18,041-621-0030,36.8227120371508,127.102578611022,천안시 서북구 불당24로 10
천안시,불당호반써밋플레이스아파트,천안시 서북구 불당21로 40(불당동),,573.0,29.0,8.0,2017-01-05,041-522-9850,36.8130061408921,127.1045945918,천안시 서북구 불당21로 40
천안시,천안불당린스트라우스1단지,천안시 서북구 불당19로 95(불당동),불당2동,595.0,31.0,6.0,2017-07-27,041-622-8201,36.8164177537377,127.100827319143,천안시 서북구 불당19로 95
천안시,천안불당린스트라우스2단지,천안시 서북구 불당19로 111(불당동),불당2동,557.0,31.0,6.0,2017-07-27,041-622-8640,36.8152184648836,127.100509809173,천안시 서북구 불당19로 111
천안시,불당호반써밋플레이스센터시티,천안시 서북구 불당25로 8(불당동),불당2동,815.0,29.0,8.0,2017-11-03,041-562-9566,36.8020424270876,127.104062210694,천안시 서북구 불당25로 8
천안시,천안불당지웰시티푸르지오1단지,천안시 서북구 불당26로 80(불당동),불당2동,420.0,28.0,4.0,2017-12-27,041-622-8424,36.8156295161144,127.106553416969,천안시 서북구 불당26로 80
천안시,천안불당지웰시티푸르지오2단지,천안시 서북구 불당26로 50(불당동),불당2동,355.0,28.0,4.0,2017-12-27,041-622-7537,36.81260178841,127.105641451034,천안시 서북구 불당26로 50
천안시,불당파크푸르지오1단지,천안시 서북구 불당26로 144(불당동),불당2동,545.0,27.0,3.0,2018-04-27,041-561-7997,36.821560009891,127.108324709842,천안시 서북구 불당26로 144
천안시,불당파크푸르지오2단지,천안시 서북구 불당26로 122(불당동),불당2동,270.0,27.0,3.0,2018-04-27,041-523-0550,36.8197610766889,127.10778351439,천안시 서북구 불당26로 122
천안시,LH천년나무7단지,천안시 서북구 불당26로 99(불당동),불당2동,491.0,25.0,5.0,2015-11-10,041-555-3020,36.8182184532233,127.105792405925,천안시 서북구 불당26로 99
천안시,불당금호어울림아파트,천안시 서북구 불당24로 37(불당동),,227.0,29.0,2.0,2020-02-25,041-622-7696,36.8231091542756,127.105768986655,천안시 서북구 불당24로 37
천안시,천안불당LH1단지아파트,천안시 서북구 불당24로 9(불당동),,1148.0,25.0,8.0,2019-06-30,041-622-9771,36.8233074168387,127.102767597978,천안시 서북구 불당24로 9
천안시,북천안자이에뜨아파트,천안시 서북구 성거길 20(성거읍),,1348.0,29.0,10.0,2016-05-02,041-621-4100,36.8678403801487,127.197520143625,천안시 서북구 성거길 20
천안시,하늘빛아파트,천안시 서북구 소우문덕길 5(성거읍),성거읍,560.0,10.0,5.0,2003-12-04,041-522-9822,36.8766146882335,127.182513701607,천안시 서북구 소우문덕길 5
천안시,송죽아파트,천안시 서북구 성거길 79-1(성거읍),성거읍,49.0,5.0,1.0,1991-11-01,,36.8724190478496,127.200055139227,천안시 서북구 성거길 79-1
천안시,삼환나우빌아파트,천안시 서북구 봉주로 120(성거읍),,910.0,15.0,10.0,2005-11-30,041-583-3838,36.8767841142743,127.159047948539,천안시 서북구 봉주로 120
천안시,성거벽산아파트,천안시 서북구 봉주로 107-6(성거읍),성거읍,692.0,16.0,11.0,1998-12-09,041-583-0078,36.878686444721,127.157477969394,천안시 서북구 봉주로 107-6
천안시,금정샛별아파트,천안시 서북구 망향로 811(성거읍),성거읍,200.0,8.0,2.0,2000-02-03,041-567-6114,36.8883969954654,127.207195178827,천안시 서북구 망향로 811
천안시,육영아파트,천안시 서북구 망향로 343(성거읍),성거읍,456.0,6.0,5.0,1996-12-28,041-622-9196,36.8520595564385,127.182056247081,천안시 서북구 망향로 343
천안시,동해늘푸른아파트,천안시 서북구 마당재길 5(성거읍),성거읍,90.0,5.0,1.0,1999-03-20,041-622-8577,36.8509934461495,127.176448528053,천안시 서북구 마당재길 5
천안시,청호포도마을아파트(8차),천안시 서북구 망향로 785(성거읍),성거읍,480.0,12.0,4.0,1997-10-25,041-556-5392,36.8867535978865,127.204475794682,천안시 서북구 망향로 785
천안시,성거저리보금자리아파트,천안시 서북구 오송1길 7(성거읍),성거읍,245.0,5.0,2.0,2000-02-15,041-554-8977,36.8860547326245,127.197534745879,천안시 서북구 오송1길 7
천안시,아느칸빌아파트,천안시 서북구 성거길 181-1(성거읍),성거읍,404.0,8.0,5.0,2004-04-28,041-567-1913,36.8819096322021,127.205011172371,천안시 서북구 성거길 181-1
천안시,스윗트리,천안시 서북구 수청1길 19(성거읍),성거읍,47.0,14.0,1.0,2005-08-05,,36.8799230821296,127.203325466109,천안시 서북구 수청1길 19
천안시,삼일원앙아파트,천안시 서북구 성거길 103(성거읍),신방동,494.0,11.0,5.0,1998-05-06,041-555-8827,36.8750588813586,127.200500238108,천안시 서북구 성거길 103
천안시,성거백승아파트,천안시 서북구 천흥4길 6(성거읍),성거읍,188.0,20.0,2.0,1995-01-17,041-622-4169,36.8733778415945,127.202911747416,천안시 서북구 천흥4길 6
천안시,장미아파트,천안시 서북구 성거길 82(성거읍),성거읍,207.0,13.0,2.0,1998-12-27,041-622-5544,36.872178317728,127.202688410212,천안시 서북구 성거길 82
천안시,진성아파트,천안시 서북구 성거길 152-9(성거읍),성거읍,110.0,11.0,2.0,1993-11-26,041-622-4140,36.8777308257519,127.205769904962,천안시 서북구 성거길 152-9
천안시,우송팰리스,천안시 서북구 수청2길 24(성거읍),성거읍,96.0,5.0,6.0,2015-10-08,041-522-2256,36.875707796585,127.201120509454,천안시 서북구 수청2길 24
천안시,쁘띠노블레스,천안시 서북구 성거길 105(성거읍),성거읍,69.0,10.0,1.0,2016-01-15,041-555-8771,36.8750486001249,127.201570791387,천안시 서북구 성거길 105
천안시,직산역한화꿈에그린아파트,천안시 서북구 신월길 20(성거읍),성거읍,416.0,25.0,5.0,2019-01-09,041-583-7739,36.8732637306735,127.149151942239,천안시 서북구 신월길 20
천안시,성거국민주택,천안시 서북구 천흥3길 13(성거읍),성거읍,48.0,3.0,3.0,1994-08-24,,36.8716932138488,127.201494008268,천안시 서북구 천흥3길 13
천안시,직산역 서희스타힐스(천안첨단서희),천안시 천안대로 1450-34,,653.0,25.0,8.0,2024-02-28,041-582-7012,36.8700265317875,127.152273402356,천안시 천안대로 1450-34
천안시,성정한도아파트,천안시 서북구 성정로 139-10(성정동),성정1동,110.0,15.0,1.0,1992-08-05,041-572-9847,36.8142233320905,127.146526332818,천안시 서북구 성정로 139-10
천안시,성정활림아파트(1차),천안시 서북구 선영10길 12(성정동),성정1동,76.0,15.0,1.0,1993-09-18,041-572-7448,36.8163979719623,127.143279046174,천안시 서북구 선영10길 12
천안시,성정활림목련아파트(2차),천안시 서북구 성정8길 14(성정동),성정1동,159.0,17.0,1.0,1994-11-16,041-576-6997,36.8169512170977,127.140667571132,천안시 서북구 성정8길 14
천안시,대우성촌프라자아파트,천안시 서북구 성정15길 6(성정동),성정1동,76.0,14.0,1.0,1993-08-24,041-575-3755,36.8175658294772,127.138237958395,천안시 서북구 성정15길 6
천안시,주공5단지아파트(1차),"천안시 서북구 성정로 75(성정동), 1차 관리사무소",성정1동,410.0,5.0,11.0,1988-10-01,041-573-3334,36.814419509112,127.139400997364,천안시 서북구 성정로 75
천안시,천안역우방아이유쉘아파트,천안시 서북구 천안천6길 33(성정동),성정1동,298.0,20.0,5.0,2018-11-13,041-551-3457,36.8172443671216,127.149155702697,천안시 서북구 천안천6길 33
천안시,와촌동신동아파밀리에아파트,천안시 서북구 천안천4길 18-10(와촌동),,621.0,15.0,11.0,2005-03-28,041-571-3535,36.8080655060112,127.143942849102,천안시 서북구 천안천4길 18-10
천안시,성정현대아파트,천안시 서북구 쌍용대로 303(성정동),성정2동,520.0,13.0,7.0,1990-05-27,041-574-2540,36.8253230172821,127.136371396505,천안시 서북구 쌍용대로 303
천안시,"대우목화아파트(1,2,3차)",천안시 서북구 서부16길 49(성정동),성정2동,590.0,5.0,17.0,1986-10-30,041-575-4591,36.8225414680027,127.141620098856,천안시 서북구 서부16길 49
천안시,주공6단지아파트(1차),천안시 서북구 서부대로 648-13(성정동),성정2동,581.0,5.0,11.0,1989-11-25,041-577-5368,36.8252339668577,127.134650228341,천안시 서북구 서부대로 648-13
천안시,주공6단지아파트(3차),천안시 서북구 쌍용대로 289-11(성정동),성정2동,588.0,6.0,11.0,1991-06-14,041-574-3775,36.8235644111964,127.132952558564,천안시 서북구 쌍용대로 289-11
천안시,성정선경아파트,천안시 서북구 도원2길 39(성정동),성정2동,378.0,18.0,4.0,1994-06-30,041-578-4440,36.8218849601588,127.133323452911,천안시 서북구 도원2길 39
천안시,대우성정프라자,천안시 서북구 서부15길 41(성정동),성정2동,83.0,13.0,1.0,1991-07-29,041-575-3977,36.822199851777,127.141700730484,천안시 서북구 서부15길 41
천안시,화승아파트,천안시 서북구 서부4길 34(성정동),성정2동,90.0,5.0,2.0,1990-12-08,041-576-6525,36.8215948311765,127.141487329073,천안시 서북구 서부4길 34
천안시,프라지움아파트(3차),천안시 서북구 성정두정로 35(성정동),성정2동,210.0,12.0,1.0,2014-05-02,041-555-2755,36.8288001321291,127.140922639245,천안시 서북구 성정두정로 35
천안시,평화로운나날,천안시 서북구 성정공원6길 36(성정동),성정2동,260.0,12.0,1.0,2013-12-02,041-622-8868,36.828363313954,127.141648314627,천안시 서북구 성정공원6길 36
천안시,주공6단지아파트(2차),천안시 서북구 쌍용대로 289-28(성정동),성정2동,504.0,6.0,8.0,1990-09-15,041-575-5171,36.8240902377481,127.133969761512,천안시 서북구 쌍용대로 289-28
천안시,학산리젠다빌B동(2차),천안시 서북구 동서대로 129-20(성정동),성정2동,143.0,15.0,1.0,2013-08-13,,36.8275841842436,127.137919590618,천안시 서북구 동서대로 129-20
천안시,학산리젠다빌A동(2차),천안시 서북구 동서대로 129-22(성정동),성정2동,247.0,15.0,1.0,2013-09-12,041-622-6620,36.8278316833363,127.13794996354,천안시 서북구 동서대로 129-22
천안시,프라지움아파트(5차),천안시 서북구 오성로 120(성정동),성정2동,297.0,12.0,1.0,2015-08-13,041-902-0841,36.8296862780444,127.140773272235,천안시 서북구 오성로 120
천안시,학산리젠다빌아파트(3차),천안시 서북구 성정공원3길 4(성정동),성정2동,168.0,12.0,1.0,2016-01-12,041-522-9219,36.8261598433825,127.141338247074,천안시 서북구 성정공원3길 4
천안시,FM21,천안시 서북구 쌍용대로 348(성정동),성정2동,204.0,14.0,1.0,2014-08-01,041-557-1664,36.8283727243335,127.138013931287,천안시 서북구 쌍용대로 348
천안시,FM25,천안시 서북구 성정두정로 43(성정동),성정2동,220.0,12.0,1.0,2016-01-05,041-577-1665,36.8294889363522,127.140924687199,천안시 서북구 성정두정로 43
천안시,리슈빌DS,천안시 서북구 성정두정로 19(성정동),성정2동,190.0,12.0,1.0,2016-09-06,041-909-3221,36.8272340119024,127.14076620156,천안시 서북구 성정두정로 19
천안시,프라지움아파트(6차),천안시 서북구 성정공원6길 1-12(성정동),성정2동,299.0,15.0,1.0,2016-09-05,041-622-6338,36.8299781315089,127.138174421365,천안시 서북구 성정공원6길 1-12
천안시,프라지움아파트(7차),천안시 서북구 성정공원6길 37(성정동),성정2동,299.0,12.0,1.0,2016-12-02,041-622-8468,36.8287300216992,127.141760075592,천안시 서북구 성정공원6길 37
천안시,프라지움아파트(8차),천안시 서북구 오성로 130(성정동),성정2동,168.0,12.0,1.0,2016-11-16,041-555-0336,36.8297217994332,127.141668754208,천안시 서북구 오성로 130
천안시,모아엘가워너비,천안시 서북구 성정공원7길 9(성정동),성정2동,267.0,12.0,1.0,2017-09-29,041-569-5675,36.8294449053917,127.142183543705,천안시 서북구 성정공원7길 9
천안시,프라지움아파트(10차),천안시 서북구 성정공원3길 14(성정동),성정2동,299.0,15.0,1.0,2018-08-24,041-566-3832,36.8259157899271,127.142423499055,천안시 서북구 성정공원3길 14
천안시,프라지움아파트(11차),천안시 서북구 동서대로 165(성정동),성정2동,234.0,15.0,1.0,2019-07-02,041-557-1011,36.8258953445761,127.141736575656,천안시 서북구 동서대로 165
천안시,더리치빌,천안시 서북구 성정공원6길 26(성정동),성정2동,98.0,9.0,1.0,2012-11-12,,36.8284490187871,127.140501084596,천안시 서북구 성정공원6길 26
천안시,하이스타운(3차),천안시 서북구 성정공원7길 3(성정동),성정2동,119.0,12.0,1.0,2014-08-14,041-555-9115,36.8294064888444,127.141679718615,천안시 서북구 성정공원7길 3
천안시,스위스캐슬,천안시 서북구 성정두정로 14(성정동),성정2동,129.0,12.0,1.0,2012-12-21,041-557-1453,36.8268625322572,127.141334159134,천안시 서북구 성정두정로 14
천안시,해피드림(2차),천안시 서북구 성정두정로 21(성정동),성정2동,79.0,12.0,1.0,2014-08-21,,36.8274324136623,127.14078494808,천안시 서북구 성정두정로 21
천안시,해피드림(1차),천안시 서북구 성정공원3길 29(성정동),성정2동,55.0,10.0,1.0,2013-07-04,,36.8263715016861,127.144200079205,천안시 서북구 성정공원3길 29
천안시,비바루체,천안시 서북구 성정공원6길 6,성정동,248.0,15.0,1.0,2024-03-07,041-622-7767,36.8286057107511,127.138203563809,천안시 서북구 성정공원6길 6
천안시,성환e편한세상아파트,천안시 서북구 성환1로 54-45(성환읍),성환읍,571.0,20.0,6.0,2009-09-30,041-583-6300,36.9011471466421,127.132261241219,천안시 서북구 성환1로 54-45
천안시,성환부영아파트(1차),천안시 서북구 천안대로 1843(성환읍),성환읍,802.0,12.0,9.0,1998-06-15,041-582-0572,36.9028130783493,127.13539522797,천안시 서북구 천안대로 1843
천안시,성환부영아파트(2차),천안시 서북구 천안대로 1853(성환읍),성환읍,414.0,15.0,7.0,2005-05-24,041-585-9742,36.9053997104927,127.134411825665,천안시 서북구 천안대로 1853
천안시,성환중앙아파트,천안시 서북구 연암율금로 480(성환읍),성환읍,117.0,15.0,1.0,1992-06-25,041-581-7957,36.9113746977269,127.130776567209,천안시 서북구 연암율금로 480
천안시,성환삼풍아파트,천안시 서북구 성환2로 56(성환읍),성환읍,203.0,15.0,1.0,1993-11-27,041-582-0914,36.9120831858897,127.131550044922,천안시 서북구 성환2로 56
천안시,미성아파트,천안시 서북구 신선동길 42(성환읍),성환읍,60.0,6.0,1.0,1989-11-25,041-581-5880,36.9121415675155,127.13301512184,천안시 서북구 신선동길 42
천안시,성환골드맨션,천안시 서북구 성환1로 204(성환읍),성환읍,130.0,5.0,2.0,1991-12-21,041-581-8755,36.9132950021829,127.129063816314,천안시 서북구 성환1로 204
천안시,성환개나리아파트,천안시 서북구 상덕매주길 169-16(성환읍),성환읍,50.0,5.0,1.0,1991-12-24,,36.9046680118174,127.121095196951,천안시 서북구 상덕매주길 169-16
천안시,혜성아파트,천안시 서북구 성환2로 24(성환읍),성환읍,49.0,8.0,1.0,1996-07-16,041-581-6624,36.9096735957573,127.129555825025,천안시 서북구 성환2로 24
천안시,현대한솔아파트,천안시 서북구 성월2길 16(성환읍),성환읍,353.0,19.0,2.0,1997-11-14,041-582-4437,36.9182965018617,127.135874748629,천안시 서북구 성월2길 16
천안시,태양아파트,천안시 서북구 학사촌1길 23(성환읍),성환읍,60.0,5.0,1.0,2001-08-08,,36.918196857491,127.141343726327,천안시 서북구 학사촌1길 23
천안시,성산연립주택,천안시 서북구 성진로 64(성환읍),성환읍,100.0,4.0,2.0,1993-12-30,041-581-1948,36.9114769660046,127.141855033217,천안시 서북구 성진로 64
천안시,아포리예미원,천안시 서북구 성환6길 8(성환읍),성환읍,94.0,15.0,1.0,2006-01-09,,36.9128519330491,127.133468364556,천안시 서북구 성환6길 8
천안시,성환부자마을아파트,천안시 서북구 성환3로 57(성환읍),성환읍,44.0,13.0,1.0,2007-06-13,041-581-6688,36.9151205381655,127.134658259601,천안시 서북구 성환3로 57
천안시,성환조양아파트,천안시 서북구 성환10길 3-4(성환읍),성환읍,60.0,5.0,2.0,1985-06-20,041-582-1620,36.916559023147,127.130479276231,천안시 서북구 성환10길 3-4
천안시,영흥아파트,천안시 서북구 신방로 362(성환읍),성환읍,120.0,8.0,2.0,1993-01-07,041-581-1253,36.9230383819064,127.118395663448,천안시 서북구 신방로 362
천안시,직산근로자아파트,천안시 서북구 무내2길 8(성환읍),성환읍,100.0,5.0,2.0,1994-08-30,041-584-0330,36.9439570608902,127.151179004437,천안시 서북구 무내2길 8
천안시,한미래아파트,천안시 서북구 안궁1길 2(성환읍),성환읍,242.0,11.0,2.0,2003-12-02,041-582-7313,36.9562130924531,127.132181697012,천안시 서북구 안궁1길 2
천안시,성환이화아파트,천안시 서북구 율금1길 276(성환읍),성환읍,202.0,11.0,2.0,1998-01-21,041-582-4684,36.9027473387101,127.109374232073,천안시 서북구 율금1길 276
천안시,대영한아름아파트,천안시 서북구 율금1길 309(성환읍),성환읍,196.0,9.0,4.0,1998-12-21,041-582-4597,36.9056388266691,127.111933407922,천안시 서북구 율금1길 309
천안시,두진그린힐아파트,천안시 서북구 율금1길 221-34(성환읍),성환읍,996.0,12.0,8.0,2001-08-09,041-587-2580,36.905497936579,127.099533872161,천안시 서북구 율금1길 221-34
천안시,미산라이프아파트,천안시 서북구 성월2길 30(성환읍),성환읍,80.0,15.0,1.0,2016-05-26,,36.9175924107071,127.137576494688,천안시 서북구 성월2길 30
천안시,건주참조은아파트,천안시 서북구 성환4길 6(성환읍),성환읍,58.0,17.0,1.0,2016-11-10,041-585-9180,36.9119137973285,127.129814005897,천안시 서북구 성환4길 6
천안시,삼우주택,천안시 서북구 성월3길 13-1(성환읍),성환읍,39.0,3.0,2.0,1984-01-31,,36.9209343345755,127.135031429139,천안시 서북구 성월3길 13-1
천안시,성환주택,천안시 서북구 성환읍 성월2길 34,성환읍,96.0,3.0,4.0,1984-11-26,,36.9169820052472,127.138356020315,천안시 서북구 성환읍 성월2길 34
천안시,창환주택,천안시 서북구 성환읍 신선동길 39-4,성환읍,54.0,3.0,3.0,1984-07-30,,36.912901905586,127.132375010476,천안시 서북구 성환읍 신선동길 39-4
천안시,성환 까사밀라,천안시 서북구 성환읍 성환3로 60,성환읍,36.0,5.0,1.0,2024-12-11,,36.9146051216178,127.134570271286,천안시 서북구 성환읍 성환3로 60
천안시,일성아파트(1차),천안시 서북구 봉서7길 13(쌍용동),쌍용1동,570.0,18.0,6.0,1992-11-20,041-571-9902,36.8085346526222,127.129991041274,천안시 서북구 봉서7길 13
천안시,광명장미아파트,천안시 서북구 미라2길 19(쌍용동),쌍용1동,990.0,20.0,8.0,1993-11-24,041-573-1131,36.8014416414255,127.128834420719,천안시 서북구 미라2길 19
천안시,쌍용현대아파트(1차),천안시 서북구 새말3길 29(쌍용동),쌍용1동,286.0,14.0,3.0,1991-09-10,041-573-2658,36.7954309089214,127.132320615232,천안시 서북구 새말3길 29
천안시,일성버들아파트(2차),천안시 서북구 봉서8길 6(쌍용동),쌍용1동,159.0,20.0,1.0,1994-11-02,041-571-4391,36.8098738539011,127.131248560174,천안시 서북구 봉서8길 6
천안시,대우타워아파트,천안시 서북구 미라15길 24(쌍용동),쌍용1동,659.0,25.0,8.0,1994-09-09,041-571-2042,36.806488267854,127.132082681856,천안시 서북구 미라15길 24
천안시,쌍용두산위브,천안시 서북구 미라5길 12(쌍용동),쌍용1동,99.0,15.0,2.0,2010-03-30,041-571-4947,36.79984081522,127.127665057015,천안시 서북구 미라5길 12
천안시,이화아파트,천안시 서북구 다가말2길 14(쌍용동),쌍용1동,290.0,5.0,8.0,1985-11-27,041-573-3223,36.7969391829759,127.133055103625,천안시 서북구 다가말2길 14
천안시,쌍용극동아파트,천안시 서북구 새말3길 15(쌍용동),쌍용1동,262.0,14.0,3.0,1991-08-12,041-574-3448,36.7966961467836,127.1320092836,천안시 서북구 새말3길 15
천안시,경동아파트,천안시 서북구 새말3길 11(쌍용동),쌍용1동,135.0,5.0,4.0,1986-09-16,041-574-3808,36.7968209840724,127.131246455656,천안시 서북구 새말3길 11
천안시,쌍용현대아파트(3차),천안시 서북구 충무로 208(쌍용동),쌍용1동,378.0,20.0,3.0,1994-10-28,041-571-9570,36.796054048762,127.131163241461,천안시 서북구 충무로 208
천안시,시영아파트(1차),천안시 서북구 봉서2길 7(쌍용동),쌍용1동,210.0,15.0,1.0,1992-09-25,041-900-6327,36.8079646180778,127.129156436937,천안시 서북구 봉서2길 7
천안시,쌍용더팰리스4,천안시 서북구 미라16길 8-21(쌍용동),쌍용1동,44.0,4.0,6.0,2020-01-16,,,,천안시 서북구 미라16길 8-21
천안시,상록수현대아파트(4차),천안시 서북구 쌍용17길 52(쌍용동),쌍용2동,464.0,20.0,4.0,1995-11-04,041-572-1289,36.7960656775663,127.122453348882,천안시 서북구 쌍용17길 52
천안시,계룡푸른마을아파트,천안시 서북구 충무로 143-8(쌍용동),쌍용2동,416.0,18.0,4.0,1996-08-28,041-573-0977,36.7947210565728,127.123913498304,천안시 서북구 충무로 143-8
천안시,해누리선경아파트,천안시 서북구 충무로 158-10(쌍용동),쌍용2동,938.0,25.0,11.0,1996-12-26,041-574-3042,36.792098144525,127.125158412868,천안시 서북구 충무로 158-10
천안시,월봉청솔아파트(1차),천안시 서북구 월봉4로 140-9(쌍용동),쌍용2동,1423.0,15.0,8.0,2000-09-04,041-571-8942,36.8006346769169,127.117085557871,천안시 서북구 월봉4로 140-9
천안시,월봉벽산태영아파트,천안시 서북구 월봉4로 140-14/16(쌍용동),쌍용2동,810.0,15.0,12.0,1998-11-25,041-576-3211,,,천안시 서북구 월봉4로 140-14/16
천안시,월봉일성아파트,천안시 서북구 월봉4로 120-16(쌍용동),쌍용2동,765.0,15.0,12.0,1999-05-04,041-577-2297,36.7962254199454,127.117474818949,천안시 서북구 월봉4로 120-16
천안시,월봉대우아파트,천안시 서북구 월봉4로 88-11(쌍용동),쌍용2동,390.0,15.0,5.0,1998-11-25,041-577-4445,36.7960731742422,127.115592097645,천안시 서북구 월봉4로 88-11
천안시,월봉현대아파트,천안시 서북구 월봉4로 91(쌍용동),쌍용2동,210.0,15.0,3.0,1998-11-25,041-575-1401,36.7961989633413,127.1137290667,천안시 서북구 월봉4로 91
천안시,월봉청솔아파트(2차),천안시 서북구 월봉7길 77(쌍용동),쌍용2동,1335.0,15.0,9.0,2000-01-15,041-578-2123,36.7936492646787,127.115412212644,천안시 서북구 월봉7길 77
천안시,현대홈타운2단지아파트(6차),천안시 서북구 충무로 124-25(쌍용동),쌍용2동,299.0,15.0,4.0,2004-05-24,041-571-5162,36.7922741795468,127.123474727575,천안시 서북구 충무로 124-25
천안시,현대아이파크홈타운1단지,천안시 서북구 충무로 124-24(쌍용동),쌍용2동,1316.0,15.0,19.0,2004-05-24,041-571-5760,36.7904667819932,127.124630748939,천안시 서북구 충무로 124-24
천안시,쌍용자이아파트,천안시 서북구 월봉1길 15(쌍용동),쌍용2동,564.0,15.0,10.0,2007-01-12,041-571-6720,36.7880387882331,127.116391046014,천안시 서북구 월봉1길 15
천안시,쌍용동일하이빌아파트,천안시 서북구 충무로 5-16(쌍용동),쌍용2동,523.0,15.0,9.0,2007-04-24,041-576-7077,36.7857573934593,127.113828914647,천안시 서북구 충무로 5-16
천안시,한라동백아파트,천안시 서북구 쌍용17길 13(쌍용동),쌍용2동,476.0,18.0,6.0,1995-05-31,041-571-9514,36.7998136570046,127.123516410751,천안시 서북구 쌍용17길 13
천안시,세경개나리아파트,천안시 서북구 쌍용18길 61(쌍용동),쌍용2동,167.0,13.0,1.0,1994-07-14,041-571-6685,36.7983225302864,127.125805316722,천안시 서북구 쌍용18길 61
천안시,일성능수아파트(3차)1블럭,천안시 서북구 쌍용17길 25(쌍용동),쌍용2동,521.0,18.0,6.0,1994-12-09,041-571-2297,36.7982611508619,127.124102849599,천안시 서북구 쌍용17길 25
천안시,쌍용모란아파트,천안시 서북구 쌍용17길 8(쌍용동),쌍용2동,386.0,19.0,5.0,1994-11-09,041-571-4625,36.7999364583201,127.122139938833,천안시 서북구 쌍용17길 8
천안시,일성능수아파트(3차)2블럭,천안시 서북구 쌍용18길 36(쌍용동),쌍용2동,247.0,18.0,2.0,1994-12-09,041-571-2298,36.7982682972144,127.122686556385,천안시 서북구 쌍용18길 36
천안시,범양마더빌아파트(1차),천안시 서북구 충무로 170-5(쌍용동),쌍용2동,150.0,15.0,3.0,2005-05-27,041-574-0567,36.7934733924321,127.127142008499,천안시 서북구 충무로 170-5
천안시,범양마더빌아파트(2차),천안시 서북구 충무로 170-8(쌍용동),쌍용2동,48.0,13.0,1.0,2006-09-29,041-574-0564,36.7932834857549,127.126590111114,천안시 서북구 충무로 170-8
천안시,쌍용역푸르지오아파트,천안시 서북구 충무로 93(쌍용동),쌍용2동,291.0,15.0,4.0,2006-10-30,041-572-8737,36.7919558850827,127.118715867991,천안시 서북구 충무로 93
천안시,시영아파트(2차),천안시 서북구 쌍용18길 69(쌍용동),쌍용2동,352.0,14.0,3.0,1994-11-30,041-571-5953,36.7976236151605,127.124446482217,천안시 서북구 쌍용18길 69
천안시,일성다래아파트(4차),천안시 서북구 쌍용16길 41(쌍용동),쌍용2동,132.0,20.0,1.0,1996-09-25,041-572-2800,36.7974487825425,127.122027526242,천안시 서북구 쌍용16길 41
천안시,쌍용역코오롱하늘채아파트,천안시 서북구 월봉로 15(쌍용동),쌍용2동,454.0,26.0,4.0,2018-05-04,041-572-7172,36.7924482936678,127.120022689153,천안시 서북구 월봉로 15
천안시,천안쌍용라이프타운아파트,천안시 서북구 쌍용11길 33(쌍용동),쌍용3동,540.0,15.0,7.0,1994-11-19,041-571-4398,36.8026205312463,127.121944181571,천안시 서북구 쌍용11길 33
천안시,쌍용주공7단지아파트(2차),천안시 서북구 쌍용11길 55(쌍용동),쌍용3동,593.0,15.0,7.0,1995-03-05,041-572-8684,36.8021749577135,127.124527802291,천안시 서북구 쌍용11길 55
천안시,쌍용주공7단지아파트(3차),천안시 서북구 쌍용11길 58(쌍용동),쌍용3동,930.0,15.0,9.0,1995-05-19,041-572-9901,36.8016896555614,127.124492727917,천안시 서북구 쌍용11길 58
천안시,쌍용주공9단지아파트(1차),천안시 서북구 봉서산샛길 65(쌍용동),쌍용3동,1080.0,15.0,11.0,1998-04-28,041-574-6414,36.8062574180569,127.120972999972,천안시 서북구 봉서산샛길 65
천안시,쌍용마을뜨란채아파트,천안시 서북구 봉서산샛길 64(쌍용동),쌍용3동,1119.0,15.0,16.0,1999-06-21,041-576-3650,36.8063629467517,127.118276860878,천안시 서북구 봉서산샛길 64
천안시,용암동아벽산아파트(용암마을아파트),천안시 서북구 월봉로 131(쌍용동),쌍용3동,505.0,15.0,11.0,1999-10-09,041-577-3141,36.8025431450338,127.117812566783,천안시 서북구 월봉로 131
천안시,파크밸리동일하이빌아파트,천안시 서북구 봉서산1길 35(쌍용동),쌍용3동,964.0,18.0,25.0,2011-02-11,041-575-1182,36.8118779753093,127.121974328132,천안시 서북구 봉서산1길 35
천안시,쌍용주공7단지아파트(1차),천안시 서북구 쌍용11길 57(쌍용동),쌍용3동,984.0,15.0,6.0,1994-03-18,041-571-3676,36.8024944682492,127.126429342516,천안시 서북구 쌍용11길 57
천안시,쌍용주공10단지아파트(2차),천안시 서북구 봉서산샛길 64(쌍용동),,312.0,15.0,3.0,1999-06-21,041-575-6961,36.8062574180569,127.120972999972,천안시 서북구 봉서산샛길 64
천안시,천안역사동아라이크텐아파트,천안시 서북구 천안천4길 20(와촌동),와촌동,992.0,48.0,4.0,2021-04-30,041-579-9801,36.8085878103249,127.145038472202,천안시 서북구 천안천4길 20
천안시,천안역세권 행복주택,천안시 서북구 천안천4길 32,와촌동,150.0,18.0,2.0,2022-06-02,041-575-2303,36.809560162563,127.144178968144,천안시 서북구 천안천4길 32
천안시,주성레이크빌아파트,천안시 서북구 위례성로 1909-3(입장면),입장면,170.0,5.0,8.0,2003-07-28,041-585-0120,36.9097255738487,127.250386708618,천안시 서북구 위례성로 1909-3
천안시,입장한성아파트,천안시 서북구 도림길 10(입장면),입장면,770.0,5.0,18.0,1999-12-04,041-584-2611,36.9153822337657,127.245398153653,천안시 서북구 도림길 10
천안시,입장연합아파트,천안시 서북구 성진로 718(입장면),입장면,241.0,6.0,3.0,1992-07-18,041-583-3310,36.9122529480208,127.210741740391,천안시 서북구 성진로 718
천안시,거봉아파트,천안시 서북구 성진로 619(입장면),입장면,68.0,5.0,2.0,1999-05-17,041-583-4222,36.9126914675833,127.199868724824,천안시 서북구 성진로 619
천안시,입장연합초원아파트,천안시 서북구 입장로 121(입장면),입장면,332.0,6.0,5.0,1996-07-19,041-583-7743,36.9113852022295,127.220031836558,천안시 서북구 입장로 121
천안시,아스트레(한아름아파트),천안시 서북구 입장시장2길 54(입장면),입장면,214.0,5.0,4.0,2017-12-29,,36.9143165946848,127.22770704396,천안시 서북구 입장시장2길 54
천안시,희홍밸러뷰아파트,천안시 서북구 직산로 252-10(직산읍),직산읍,168.0,5.0,6.0,2010-12-20,041-587-4748,36.8962552131922,127.166689492211,천안시 서북구 직산로 252-10
천안시,청호아파트(5차),천안시 서북구 군수1길 78-23(직산읍),직산읍,282.0,6.0,6.0,1993-11-02,041-581-1284,36.8958198951282,127.143342100401,천안시 서북구 군수1길 78-23
천안시,직산우성아파트(8차),천안시 서북구 자은가리1길 68(직산읍),직산읍,946.0,15.0,4.0,1995-01-19,041-583-4781,36.8702017737732,127.128239068503,천안시 서북구 자은가리1길 68
천안시,직산대림아파트,천안시 서북구 2공단5로 169(직산읍),직산읍,640.0,10.0,4.0,1998-07-16,041-621-0035,36.8615282643057,127.121325167373,천안시 서북구 2공단5로 169
천안시,직산청솔아파트,천안시 서북구 부송로 355(직산읍),직산읍,204.0,6.0,4.0,1995-01-23,041-583-8474,36.8776078414944,127.128730619497,천안시 서북구 부송로 355
천안시,청호아파트(4차),천안시 서북구 송기길 23(직산읍),직산읍,246.0,6.0,6.0,1992-07-29,041-583-5491,36.8762812038308,127.139003782177,천안시 서북구 송기길 23
천안시,직산코아루아파트,천안시 서북구 삼은3길 34(직산읍),직산읍,285.0,15.0,4.0,2005-10-14,041-584-3541,36.877859623579,127.152481203522,천안시 서북구 삼은3길 34
천안시,청호아파트(6차),천안시 서북구 직산로 18-41(직산읍),직산읍,266.0,14.0,2.0,1995-09-14,041-583-7073,36.8796696856944,127.15892886472,천안시 서북구 직산로 18-41
천안시,정석아파트,천안시 서북구 직산로 18-23(직산읍),직산읍,108.0,6.0,3.0,1991-09-17,041-587-2077,36.8799835261599,127.155945492492,천안시 서북구 직산로 18-23
천안시,직산한도아파트,천안시 서북구 직산로 24(직산읍),직산읍,294.0,15.0,2.0,1993-03-23,041-583-7341,36.8800162137873,127.154444517411,천안시 서북구 직산로 24
천안시,일진아파트,천안시 서북구 삼은5길 14(직산읍),직산읍,144.0,5.0,2.0,1990-12-06,041-583-3593,36.8795705401194,127.151496292225,천안시 서북구 삼은5길 14
천안시,직산세광엔리치빌1단지(1차),천안시 서북구 삼은5길 12-12(직산읍),직산읍,178.0,15.0,1.0,2005-11-01,041-584-7785,36.8791907482216,127.152886643344,천안시 서북구 삼은5길 12-12
천안시,직산세광엔리치빌2단지(1차),천안시 서북구 삼은4길 18-23(직산읍),직산읍,318.0,15.0,5.0,2005-11-28,041-584-7786,36.8801644317789,127.150806056096,천안시 서북구 삼은4길 18-23
천안시,직산산호아파트,천안시 서북구 양당율금길 4-30(직산읍),직산읍,494.0,15.0,3.0,1997-12-14,041-582-3995,36.894997725494,127.124393469591,천안시 서북구 양당율금길 4-30
천안시,직산부영아파트,천안시 서북구 천안대로 1718(직산읍),직산읍,854.0,12.0,8.0,1998-04-24,041-581-1432,36.8941672547389,127.138579822439,천안시 서북구 천안대로 1718
천안시,한아름아파트,천안시 서북구 상덕로 286(직산읍),직산읍,49.0,5.0,1.0,1998-12-31,,36.8911151114751,127.125301364874,천안시 서북구 상덕로 286
천안시,모닝스위트,천안시 서북구 모시1길 11-16(직산읍),직산읍,128.0,4.0,8.0,2016-09-12,041-582-3353,36.8685992257481,127.12599121822,천안시 서북구 모시1길 11-16
천안시,직산동보영구임대아파트,천안시 서북구 상덕로 32(직산읍),직산읍,904.0,12.0,2.0,1997-04-08,041-583-2889,36.8700231348354,127.119367826784,천안시 서북구 상덕로 32
천안시,직산청림아파트,천안시 서북구 삼은5길 18(직산읍),,480.0,5.0,6.0,1987-09-24,041-583-1385,36.8799828252388,127.151965298578,천안시 서북구 삼은5길 18
천안시,직산한양수자인아이림아파트(1차),천안시 서북구 천안밸리로 22-11(직산읍),직산읍,333.0,23.0,4.0,2019-06-13,041-581-9701,36.8826273984842,127.147945452121,천안시 서북구 천안밸리로 22-11
천안시,직산한양수자인비다펠리즈(2차),천안시 서북구 천안밸리로 22-22(직산읍),직산읍,387.0,25.0,5.0,2019-05-16,041-588-8601,36.8809445903909,127.148455047361,천안시 서북구 천안밸리로 22-22
천안시,직산월드메르디앙레이크파크아파트,천안시 서북구 직산로 59(직산읍),직산읍,374.0,20.0,7.0,2020-10-07,041-585-3740,36.8835851386711,127.153377415277,천안시 서북구 직산로 59
천안시,브리엔츠아파트,천안시 서북구 삼은2길 26(직산읍),직산읍,99.0,16.0,1.0,2019-09-04,,36.8788478230954,127.147875347785,천안시 서북구 삼은2길 26
천안시,직산포스코더샵레이크마크,천안시 서북구 직산읍 직산로 18-33,직산읍,411.0,28.0,4.0,2024-03-28,041-583-7773,36.880227454652,127.15697154971,천안시 서북구 직산읍 직산로 18-33
천안시,경일주택,천안시 동남구 봉명4길 2(봉명동),봉명동,39.0,,,,,36.8039023502436,127.138497797539,천안시 동남구 봉명4길 2
천안시,쌍용신성아파트,천안시 동남구 순천향1길 16(쌍용동)외 2,봉명동,292.0,,,,,36.8012497706524,127.133030848799,천안시 동남구 순천향1길 16외 2
천안시,천안 용곡 두산위브,천안시 동남구 풍세로 801(용곡동),신방동,409.0,,,,,36.7827533148024,127.143067955057,천안시 동남구 풍세로 801
천안시,호반 써밋 센트럴파크 Ⅰ,천안시 서북구 동남구 일봉로 51,일봉동,453.0,,,,,,,천안시 서북구 동남구 일봉로 51
천안시,더샵신부센트라,천안시 동남구(신부동),신안동,592.0,,,,,36.8108300614004,127.148888753055,천안시 동남구
천안시,영웅아파트,천안시 동남구 고재18길 12(원성동),원성1동,20.0,,,,,36.8026392001482,127.160951608907,천안시 동남구 고재18길 12
천안시,충남꿈비채천안남산행복주택,천안시 동남구 사직2길 6(사직동),중앙동,28.0,,,,,36.7989577690948,127.148217110485,천안시 동남구 사직2길 6
천안시,중흥S클래스산운마을,천안시 동남구 청수14로 117(청당동),청룡동,504.0,,,,,36.7876003767985,127.1593946966,천안시 동남구 청수14로 117
천안시,버들마을우미린,천안시 동남구 청수14로 16(청당동),청룡동,724.0,,,,,36.7836108027397,127.148735479827,천안시 동남구 청수14로 16
천안시,버들마을(주공2단지),천안시 동남구 청수14로 29(청당동),청룡동,736.0,,,,,36.7864279474239,127.14960469219,천안시 동남구 청수14로 29
천안시,산운마을부영사랑으로,천안시 동남구 청수8로 72(청당동),청룡동,449.0,,,,,36.7893584809869,127.159034444066,천안시 동남구 청수8로 72
천안시,롯데캐슬 더 청당,천안시 동남구 청당4로 20(청당동),청룡동,1199.0,,,,,36.7782915996248,127.144727308985,천안시 동남구 청당4로 20
천안시,부경연립주택,천안시 동남구 풍세면 수원지길 3,풍세면,104.0,,,,,36.7535683070466,127.128202132371,천안시 동남구 풍세면 수원지길 3
천안시,그린빌2차아파트,천안시 서북구 백석3로 91(백석동),백석동,750.0,,,,,36.8226789379408,127.121365024516,천안시 서북구 백석3로 91
천안시,천안백석2차아이파크,천안시 서북구 한들3로 35-23(백석동),백석동,1562.0,,,,,36.8243997794035,127.119233035272,천안시 서북구 한들3로 35-23
천안시,천안백석3차아이파크,천안시 서북구 한들3로 36-17(백석동),백석동,805.0,,,,,36.8270198751375,127.125248783156,천안시 서북구 한들3로 36-17
천안시,백석동 해솔마루 아파트,천안시 서북구 백석동 해솔마루 아파트,벡석동,70.0,,,,,,,천안시 서북구 백석동 해솔마루 아파트
천안시,한성3차필하우스,천안시 서북구 봉정로 366(두정동),부성1동,832.0,,,,,36.833377281895,127.147044776357,천안시 서북구 봉정로 366
천안시,천안두정역이안더센트럴,천안시 서북구 천안대로 999-7(두정동),부성1동,935.0,,,,,36.8285857351025,127.151847559878,천안시 서북구 천안대로 999-7
천안시,아크로텔천안두정,천안시 서북구 성정두정로 70(두정동),부성1동,297.0,,,,,36.8319257726022,127.142159661711,천안시 서북구 성정두정로 70
천안시,천안두정5차푸르지오,천안시 서북구 두정고1길 9(두정동),부성2동,392.0,,,,,36.8345178729304,127.12806625374,천안시 서북구 두정고1길 9
천안시,유보라천안두정역,천안시 서북구 천안대로 1050(두정동),부성1동,556.0,,,,,36.8362682567676,127.152165539755,천안시 서북구 천안대로 1050
천안시,극동늘푸른아파트,천안시 서북구 늘푸른6길 42(두정동) 외 1필지,부성2동,1452.0,,,,,36.8284719354431,127.132307096209,천안시 서북구 늘푸른6길 42 외 1필지
천안시,두정4차푸르지오,천안시 서북구 늘푸른1길 50(두정동),부성2동,384.0,,,,,36.8296677690422,127.129879155815,천안시 서북구 늘푸른1길 50
천안시,천안 롯데캐슬 더 두정,천안시 서북구 천안대로 947(두정동),부성1동,584.0,,,,,36.8253431725836,127.150798165769,천안시 서북구 천안대로 947
천안시,천안스마일시티효성해링턴플레이스,천안시 서북구 스마일시티2로 1(차암동),부성2동,1318.0,,,,,36.8445897575772,127.107167288626,천안시 서북구 스마일시티2로 1
천안시,천안불당지웰푸르지오,천안시 서북구 불당24로 38(불당동) 외 1필지,불당2동,682.0,,,,,36.822060249026,127.105379283772,천안시 서북구 불당24로 38 외 1필지
천안시,직산역서희스타힐스(천안첨단서희),천안시 서북구 천안대로 1450-34,성거읍,653.0,,,,,36.8700265317875,127.152273402356,천안시 서북구 천안대로 1450-34
천안시,천안역경남아너스빌어반하이츠,천안시 서북구 축구센터로 100 (성정동),성정동,293.0,,,,,36.818258937102,127.146318049788,천안시 서북구 축구센터로 100
